slug,name,date,dateEnd,dateDisplay,prefecture,region,location,tags,description,url,imageUrl,status
notre-atelier-popup-tamagawa-2026-09,notre atelier POP UP STORE AT TOKYO,2026-09-02,2026-09-08,2026.09.02-08,東京,関東,玉川髙島屋 5階 メゾン・エ・ターブル（東京都世田谷区玉川3-17-1）,即売会,多肉植物を扱うnotre atelierが玉川髙島屋の5階で開くポップアップ。多肉苗を中心に、ドライフラワーや雑貨、古道具が並ぶ。最終日の9月8日は17時閉場。,https://www.instagram.com/notreatelier.29/,https://forma.tokyo/wp-content/uploads/2026/06/玉川高島屋告知.jpg,upcoming
sakuya-green-jam-5-2026,Sakuya Green Jam 5,2026-09-05,2026-09-20,2026.09.05-20,大阪,関西,咲くやこの花館（大阪市鶴見区）,即売会,大阪市鶴見区・咲くやこの花館で開かれる植物販売会。9月5-6日、12-13日、19-20日の3週末に出店者が入れ替わり、SPECIES NURSERY・浦部陽向園・HALKA SUCCULENT・植物屋Dohrakuなどが多肉植物・サボテン・珍奇植物・食虫植物・ビカクシダを並べる。,https://www.sakuyakonohana.jp/event/22331/,,upcoming
aobouzu-kagoshima-popup-2026-09,青坊主 鹿児島ポップアップ,2026-09-06,2026-09-07,2026.09.06-07,鹿児島,九州,LIMACOFFEE KAGOSHIMA ROASTERY（鹿児島県鹿児島市高麗町27-23）,塊根植物|即売会,青坊主にとって初の鹿児島出店。塊根植物は灌木類とパキポディウムが中心で、琉球盆栽と長野県産の盆栽も並ぶ。陶器鉢・ソフビ・アパレルのほかご当地鉢も持ち込まれる。KOBE AGAVE SHOP との合同開催。,https://www.instagram.com/p/DciYWphTGhe/,,upcoming
team-abc-popup-kato-engei-2026-09,TEAM ABC+C+O+(M) POPUP,2026-09-12,2026-09-13,2026.09.12-13,東京,関東,カトーエンゲー東京（東京都台東区浅草6-25-9 フィルパーク浅草6丁目3F）,即売会,自社圃場を持つアガベ専門店カトーエンゲー東京が浅草の店舗で開く毎年恒例の2日間のポップアップ。アガベを扱う6組が出店し、2日目のみ参加する店もある。,https://www.instagram.com/kato_engei_tokyo/,,upcoming
plant-and-pot-vol15-2026-09,PLANT & POT Vol.15,2026-09-12,2026-09-13,2026.09.12-13,東京,関東,東京都新宿区下落合2-5-15 1階,即売会|展示会,サボテンと作家鉢を組み合わせた即売会の第15回。yoshimura cactus、WEcactus labo、CHAM、COOL CACTUS（13日のみ）とand Plantsが植物を、3組の作家が鉢を持ち込む。主催はand Plants。13日は16時まで。高田馬場駅から徒歩8分。,https://www.instagram.com/_and_plants/,,upcoming
plants-festa-2-kawashima-2026-09,プランツフェスタ2026,2026-09-12,2026-09-12,2026.09.12,滋賀,関西,カワシマ種苗（滋賀県近江八幡市西ノ庄町1246-1）,即売会,滋賀県近江八幡市のカワシマ種苗で開かれる多肉植物中心の販売会。オマメプランツ、グリーンプラン服部、棘屋、TORIHADA PLANTSなど16組が出店する。8時30分から入場整理券を配布し、混雑時は入場制限がかかる。,https://www.instagram.com/kawashimasyubyou/,,upcoming
soen-espulse-dream-plaza-2026-09,叢宴 in エスパルスドリームプラザ,2026-09-12,2026-09-13,2026.09.12-13,静岡,東海,エスパルスドリームプラザ やすらぎ広場（静岡県静岡市清水区）,即売会|珍奇植物,静岡市清水区のエスパルスドリームプラザで開かれる植物の即売会。珍奇植物やアガベ、サボテン、塊根植物、パキポディウム、ユーフォルビアが並ぶ。主催はぼっち植堂。,https://www.instagram.com/bocchi_syokudou/,,upcoming
succulent1987-kumamoto-2026-09,Succulent1987 in Country Park KUMAMOTO 2026,2026-09-12,2026-09-12,2026.09.12,熊本,九州,熊本県農業公園カントリーパーク（熊本県合志市栄3802-4）,即売会,熊本県合志市の農業公園カントリーパークで開かれる多肉植物のイベント。粘土細工や竹燈籠のワークショップも併催され、熊本地震のチャリティー企画も行われる。受付は10時から。高校生以下は入園無料。,https://www.instagram.com/the_factory_otto/,,upcoming
green-nuts-rumble-vol2-2026-09,Green Nuts Rumble Vol.2,2026-09-13,2026-09-13,2026.09.13,神奈川,関東,GREEN NUTS（神奈川県横浜市神奈川区羽沢町540-11）,即売会,横浜市神奈川区の植物店GREEN NUTSで開かれる即売会の第2回。アガベを扱うmuffin agv factory、多肉のgoodtanikuなど複数の販売者が出店し、作家の鉢もあわせて並ぶ。,https://www.instagram.com/greennuts_yokohama/,,upcoming
honwaka-pappa-3rd-2026-09,ホンワカパッパ 第3回,2026-09-13,2026-09-13,2026.09.13,大阪,関西,レンタルスペースipponbari（大阪府大阪市住吉区我孫子5-7-28）,即売会,大阪市住吉区我孫子のレンタルスペースipponbariで開かれる植物販売会の第3回。主催は濃密でユルイ植物販売会と案内している。過去の回では多肉植物やアロエ、ハオルチアが並んだ。,https://www.instagram.com/homwaka_pappa/,,upcoming
sunshu-horai-sai-2nd-2026-09,第二回 駿州蓬莱祭,2026-09-13,2026-09-13,2026.09.13,静岡,東海,蓬莱橋 イベント広場（静岡県島田市）,即売会|マルシェ,静岡県島田市の蓬莱橋イベント広場で開かれる第二回。主催のKA78企画は多肉植物やアガベ、サボテンを扱う。メダカの販売やキッチンカーも併設される。,https://www.instagram.com/1012katsuyuki7/,,upcoming
tohoku-kaikon-sai-2026-09,東北塊根祭,2026-09-13,2026-09-13,2026.09.13,宮城,東北,ブランチ仙台（宮城県仙台市青葉区桜ケ丘7-40-1）,即売会,仙台のブランチ仙台で開かれる塊根植物のイベント。趣味家から委託された塊根植物やコーデックス、蟻植物、ビカクシダ、パキポディウムの余剰株が並ぶ。駐車場は3時間無料で、館内での買い物により最大5時間まで無料になる。,https://www.instagram.com/north_east_caudex_club/,,upcoming
botanical-hara-shogakko-2026-09,Botanical in はら笑楽交,2026-09-13,2026-09-13,2026.09.13,福島,東北,はら笑楽交 旧原小学校跡地（福島県会津若松市湊町原字新橋118）,即売会|マルシェ,福島県会津若松市の旧原小学校跡地を使った施設で開かれる植物イベント。多肉植物やアガベ、ユーフォルビア、ビカクシダ、タンクブロメリア、チランジアが並び、モルタル雑貨や寄せ植えも出る。旧校庭で行われ、雨天時は旧校舎内。主催はキングプランツ。,https://www.instagram.com/king.plants.slugger/,,upcoming
raflum-hankyu-mens-tokyo-2026-09,阪急メンズ東京 × RAFLUM POP-UP STORE,2026-09-16,2026-09-22,2026.09.16-22,東京,関東,有楽町阪急メンズ東京 1階 メインベース（東京都千代田区有楽町2-5-1）,即売会|珍奇植物,RAFLUM TOKYOと堀川カクタスガーデンが選んだ塊根植物、多肉植物、珍奇植物、サボテンを有楽町の阪急メンズ東京で販売する。アガベのハイブリッド品種やチタノタのネームド株も並び、19日と20日はネームド・実生選抜株の限定販売がある。土日祝は11時開店、最終日22日は19時閉場。,https://www.instagram.com/raflum.tokyo/,https://www.fashion-press.net/img/news/120185/top.jpg?1718776083,upcoming
yamashiro-aisenen-autumn-2026-09,山城愛仙園 秋季展示即売会（9月売出）,2026-09-18,2026-09-27,2026.09.18-27,大阪,関西,山城愛仙園（大阪府豊中市原田南1-10-7 3階）,即売会,"1962年創業のサボテン多肉専門店、山城愛仙園による秋の展示即売会。温室10棟で約1,000種を扱う店で、10日間にわたって売り出しが行われる。",https://www.aisenen.com/,,upcoming
kyoto-midori-marche-ibaraki-2026-09,KYOTO MIDORI NO MARCHE IN 茨木,2026-09-19,,2026.09.19,大阪,関西,いばらきスカイパレット,マルシェ|即売会,京都みどりのマルシェをJR茨木駅東口の駅前広場で開く茨木開催。多肉植物やサボテンを中心に、観葉植物や植物雑貨の店が並ぶ。会場はいばらきスカイパレットの北側。主催は京都みどりのマルシェ事務局。,https://www.instagram.com/midorino_marche/,,upcoming
okibota-max-2026-sunshine,オキボタ MAX 2026 in サンシャインシティ,2026-09-19,2026-09-21,2026.09.19-21,東京,関東,サンシャインシティ文化会館ビル 2階 展示ホールD-1〜4,即売会|大型,合同会社OKIBOTA・オーキッド＆ボタニカルフェア実行委員会が主催する大型ボタニカルフェス。洋蘭・東洋蘭・古典植物・観葉植物・多肉植物・食虫植物・ビカクシダ・熱帯植物などが全国から集まり、植物展示品評会も開かれる。池袋サンシャインシティ文化会館ビル2階の展示ホールD-1〜4で9月19日から21日までの3日間開催。,https://h27664.wixsite.com/orchidbotanical/en/blank-4/okibotamax2026,,upcoming
kourep-2026-autumn,コウレプ2026秋,2026-09-19,2026-09-20,2026.09.19-20,兵庫,関西,神戸サンボーホール,即売会,兵庫県神戸市・神戸サンボーホールで開催される体験型展示即売会。爬虫類や猛禽類などの生体が中心のイベントだが、塊根植物（コーデックス）・アガベ・ビカクシダなど珍奇植物の即売ブースも出展する。ふれあいコーナーや飲食コーナーもあり、前売券を販売中。,https://kourep.jp,,upcoming
botanical-life-arita-2026-09,BOTANICAL LIFE 2026,2026-09-19,2026-09-20,2026.09.19-20,佐賀,九州,アリタセラ（佐賀県西松浦郡有田町）,マルシェ,佐賀県有田町・アリタセラで開かれる植物イベント。九州・中国地方・四国から植物を扱うショップや作家が集まり、多肉植物・アガベ・サボテン・観葉植物のほか植木鉢やガーデン雑貨も並ぶ。主催はWaltz Base。,https://www.instagram.com/waltzbase_saga/,,upcoming
midori-to-taniku-marche-nihonosato-2026-09,第1回 緑と多肉を楽しむマルシェ,2026-09-19,2026-09-19,2026.09.19,山口,中国,道の駅 仁保の郷 屋外 青空デッキ（山口県山口市仁保中郷1034）,即売会|マルシェ,山口県山口市の道の駅仁保の郷が初めて開く植物特化のマルシェ。多肉植物や寄せ植え作品、花苗、観葉植物、鉢や雑貨を扱う15店舗が屋外の青空デッキに並ぶ。食用サボテンのワッフルとサボテンジュースを出すキッチンカーも入る。雨天中止。,https://www.nihonosato.com/post/succulentmarket,"https://static.wixstatic.com/media/857607_1ccf846ed5134cd09d8ca5972062efe3~mv2.png/v1/fill/w_1000,h_1000,al_c,q_90,usm_0.66_1.00_0.01/857607_1ccf846ed5134cd09d8ca5972062efe3~mv2.png",upcoming
felicita-hachitoari-yumegaoka-2026-09,FELICITA × はちとあり 2社合同販売会,2026-09-19,2026-09-19,2026.09.19,神奈川,関東,プロトリーフ ゆめが丘ソラトス店（神奈川県横浜市泉区）,即売会,横浜市泉区のプロトリーフゆめが丘ソラトス店で開かれる2社合同の販売会。FELICITAが塊根植物や灌木、ユーフォルビアを持ち込み、はちとありが3Dプリンター鉢と陶器鉢を並べる。,https://www.instagram.com/protoleaf.shop_yumegaoka/,,upcoming
nova-cultura-tradmans-2026-09,NOVA CULTURA（TRADMAN'S BONSAI × KINOCO）,2026-09-19,2026-09-27,2026.09.19-27,東京,関東,TRADMAN'S TOKYO -MARUNOUCHI BONSAI STORE-（東京都千代田区丸の内3-3-1 新東京ビル1F）,展示会|珍奇植物,丸の内のTRADMAN'S TOKYOで開かれる、盆栽と塊根植物を作家鉢に植え込んだ作品の企画展。鉢はRAW LIFE FACTORY、望月薫、山田隆太郎が手がける。9月19日から25日までの一般展示は入場無料で、26日と27日の販売会は事前予約者のみ入場できる。,https://www.instagram.com/kinoco__inc/,https://tradmans.jp/news/wp-content/uploads/2024/10/461919512_1987165681718378_7229610382916962543_n.jpg,upcoming
picnic-garden-vol25-2026-09,PICNIC GARDEN vol.25 in 鶴岡公園,2026-09-19,2026-09-19,2026.09.19,山形,東北,鶴岡公園 二の丸広場（山形県鶴岡市）,即売会|マルシェ,山形県鶴岡市の鶴岡公園で開かれる植物イベントの第25回。多肉植物全般にエケベリア、アエオニウム、アガベ、ユーフォルビア、ビカクシダ、ブロメリア、ディッキアが並び、3Dプリンター鉢も出る。12組が出店。主催はキングプランツ。,https://www.instagram.com/picnic.king.plants/,https://www.creative-tsuruoka.jp/event_calendar/up/event/1049_1_org_353mswn3sy.png,upcoming
takanomiya-ichi-shokubutsu-2026-09,高の宮市 〜植物のある暮らし〜,2026-09-19,2026-09-20,2026.09.19-20,富山,北陸,高岡關野神社 境内（富山県高岡市末広町9-43）,多肉植物|塊根植物|マルシェ,定例の高の宮市が初めて植物をテーマに据える回。観葉植物・多肉植物・塊根植物の出展者が通常回より多く集まり、育て方を出展者に尋ねながら選べる。15周年の市場街と同時開催。,https://www.instagram.com/p/DcbDS-oEz06/,,upcoming
ore-no-plants-collection-2026-09,俺の！プランツ・コレクション！！,2026-09-19,2026-09-21,2026.09.19-21,島根,中国,しまね花の郷（島根県出雲市西新町二丁目1101-1）,多肉植物|サボテン|珍奇植物|展示会,愛好家が自分のコレクションを持ち寄る植物の展示イベント。多肉植物、サボテン、食虫植物、コーデックス、観葉植物などが並び、販売も行われる。出展者から育て方の話を聞ける場も用意されている。,https://shimane-hananosato.com/event/event-903/,,upcoming
one-love-sano-2026,ONE LOVE 〜その優しさが未来を繋ぐ〜,2026-09-20,2026-09-20,2026.09.20,栃木,関東,CARPE DIEM,即売会|マルシェ,栃木県佐野市・CARPE DIEMで開催される、関東で活動する植物グループIPFM（茨城）・GPF（群馬）・LGCS（埼玉）による一度限りの合同チャリティイベント。植物出店は趣味家オンリーで、アガベ・ユッカ・サボテンなどが並ぶ。家族やペットと一緒に楽しめ、来場が支援につながる企画。雨天予備日は10月10日。,https://oneloveoneheart.jp/live/,,upcoming
wi-wi-botanical-minokamo-2026-09,Wi-Wi BOTANICAL Vol.2,2026-09-20,2026-09-20,2026.09.20,岐阜,東海,リバーポートパーク美濃加茂,マルシェ|即売会,岐阜県美濃加茂市・木曽川沿いのリバーポートパーク美濃加茂で開催される植物マルシェの第2回。「植物も、人も、つながる一日。」をテーマに、植物・園芸をはじめフード、暮らしの雑貨、ワークショップ、音楽が集まる。川辺の景色の中で家族で楽しめる構成。入場無料・雨天決行。,https://kani.goguynet.jp/2026/06/03/wi-wi-botanical/,https://kani.goguynet.jp/wp-content/uploads/sites/257/2026/05/P5240040.jpg,upcoming
botanical-auction-3rd-hamamatsu-2026-09,第3回 ボタニカルオークション＆即売会,2026-09-20,2026-09-20,2026.09.20,静岡,東海,浜松市総合産業展示館 北館 第一展示場（静岡県浜松市）,即売会|大型,静岡県西部で最大級の植物即売会。オークションを軸に据えた催しで、第3回は会場を浜松市総合産業展示館の北館第一展示場に移して規模を拡大する。企画はBOTANICAL GARDEN OZMANを含むボタオク実行委員会。,https://www.instagram.com/b.g_ozman/,,upcoming
santafe-gakko-vol21-2026-09,サンタフェ 学校編 vol.21,2026-09-20,2026-09-20,2026.09.20,愛知,東海,豊明市共生交流プラザ カラット（愛知県豊明市二村台1-27）,即売会|マルシェ,愛知県豊明市の共生交流プラザ カラットで開かれる多肉植物とガーデン雑貨のイベントの第21回。主催はGREEN SANTAで、豊明市共生交流プラザとの共催。,https://www.instagram.com/greensanta2020/,,upcoming
taniku-collection-sapporo-2026-09,TANIKU collection（タニコレ）,2026-09-20,2026-09-20,2026.09.20,北海道,北海道,ガーデニングショップマイン（北海道札幌市東区伏古14条3丁目13-10）,多肉植物|即売会,市川造園が運営するガーデニングショップマインで開かれる多肉植物のイベント。個性豊かな多肉植物とハンドメイド品の出店が集まり、育てている人だけでなくこれから始めたい人も対象にしている。,https://www.instagram.com/ichikawazouen_mine/,,upcoming
otsujiya-popup-engeiya-tanaka-2026-09,大辻屋さん 出張販売会,2026-09-20,2026-09-20,2026.09.20,兵庫,関西,園芸屋たなか（兵庫県尼崎市額田町7-43）,塊根植物|多肉植物|即売会,園芸屋たなかが恒例で開く大辻屋の出張販売会。店舗のパーゴラ下に当日限定の株が並び、塊根植物やユーフォルビア、ケープバルブといった乾燥系を中心に扱う。駐車場は6台。,https://www.instagram.com/engeiyatanaka/,https://stat.ameba.jp/user_images/20260322/09/tanakaengei/7d/08/j/o1024068215763070627.jpg?cax=1280-720,upcoming
jusai-ichinomiya-autumn-2026,樹祭 一宮 2026 Autumn,2026-09-21,2026-09-22,2026.09.21-22,愛知,東海,尾張一宮駅前ビル i-ビル（愛知県一宮市）,即売会,一宮市の尾張一宮駅前ビル i-ビルで開かれる植物イベント「樹祭」。一宮での開催は2回目で、21日は7階の一宮シビックホール、22日は3階シビックテラスでも同時開催する。21日は12時開場で12時から13時までが先行入場、22日は9時開場。国内外から集まる出店者の植物が並ぶ。,https://jusai.link/,https://static.readdy.ai/image/266fa3f71e5c87749c21cf86824d6521/9d49f0496a9618aa0589565288b75e86.jfif,upcoming
engei-raku-2026-09,園芸楽 2026,2026-09-21,2026-09-22,2026.09.21-22,石川,北陸,木場潟公園 東園地 里山交流ハウス さとしるべ（石川県小松市三谷町タ120）,即売会|珍奇植物,石川県小松市の木場潟公園で開かれる珍奇植物の販売イベント。サボテン・多肉植物・アガベ・塊根植物を扱う全国の人気店が集まり、園芸用品やLED育成システムの展示販売もある。主催は花房プランツとキトキトプランツ。入場無料。,https://www.instagram.com/engei_raku/,,upcoming
papan-vol5-2026-09,第5回 パパ〜ん！ばにらとぼたんとユカいな仲間たち,2026-09-21,2026-09-21,2026.09.21,大阪,関西,ハナミズキホール（大阪府大阪市鶴見区 鶴見緑地公園内）,即売会,鶴見緑地公園内のハナミズキホールで開かれる多肉植物の販売会の第5回。いちかわふぁーむやLier.succulentなどの生産者に加えて、ハンドメイド作家も出店する。,https://www.instagram.com/mini.vani/,,upcoming
deep-green-ono-2026-09,DEEP GREEN 2026,2026-09-21,2026-09-21,2026.09.21,兵庫,関西,GRIZZLY COFFEE & SUPPLY（兵庫県小野市中町431-1）,即売会|珍奇植物,兵庫県小野市のGRIZZLY COFFEE & SUPPLYで開かれる珍奇植物のイベント。主催は珍奇沼の住人が集まり植物を楽しむ一日と案内している。多肉すくいや植物ガチャ、くじの企画もある。,https://www.instagram.com/grizzlycoffee_and_supply/,https://imgbp.hotp.jp/CSP/IMG_SRC/81/79/B263928179/B263928179.jpg?impolicy=HPB_policy_default&w=119&h=89,upcoming
collect-plants-2026-09,Collect Plants（コレクトプランツ）,2026-09-22,2026-09-23,2026.09.22-23,熊本,九州,グランメッセ熊本,大型|即売会|珍奇植物,グランメッセ熊本で開催される九州最大級の珍奇植物・希少植物の展示即売会。全国から約150店が集結する完全屋内イベント。,https://collect-plants.com/,https://collect-plants.com/cms/wp-content/uploads/2025/06/collectplants_mv2_pc.png,upcoming
kisarazu-cs-auction-2026-09,KISARAZU C&S AUCTION,2026-09-22,2026-09-22,2026.09.22,千葉,関東,金田交流センター 多目的ホール（千葉県木更津市金田東6-11-1）,展示会,千葉県木更津市で開かれるサボテンと多肉植物のセリ会。参加は無料で、出品の受付もある。会場は金田交流センターの多目的ホール。主催の告知によれば当初の予定から日程が変更されているため、来場前に最新の告知を確認したい。,https://www.instagram.com/kisarazu_c_and_s/,,upcoming
sapporo-cactus-club-aki-2026,秋のサボテン多肉植物展（札幌カクタスクラブ）,2026-09-25,2026-09-27,2026.09.25-27,北海道,北海道,豊平公園緑のセンター（北海道札幌市豊平区）,サボテン|多肉植物|展示会,1987年設立の愛好会による年2回の展示会の秋回。会員が今年仕立てた株を並べ、冬支度前の余剰苗も放出する。冬越しや管理の相談は会場の会員が受ける。,https://www.instagram.com/p/DcMw0edTfB9/,,upcoming
plant-to-new-home-2026-09,plant to new home,2026-09-26,2026-09-27,2026.09.26-27,愛知,東海,久屋大通庭園フラリエ,即売会,名古屋・久屋大通庭園フラリエにて、サボテン・多肉・珍奇植物の即売イベント。bwoocraftplants主催、前年に続く開催。,https://www.instagram.com/bwoocraftplants/,,upcoming
gifu-midori-marche-2nd-2026-09,第2回 岐阜みどりのマルシェ,2026-09-26,2026-09-26,2026.09.26,岐阜,東海,パレットピアおおの ふわふわ広場,マルシェ|即売会,多肉・サボテン・塊根・アガベを扱う店が集まる岐阜のマルシェ第2回。主催はCactus Mとぺてぃのお店。道の駅の芝生広場を使った屋外開催で、当日は臨時駐車場が用意される。,https://www.instagram.com/gifumdrnmarche/,,upcoming
greensnap-marche-yokohama-2026-autumn,GreenSnap Marche YOKOHAMA 2026 Autumn,2026-09-26,2026-09-27,2026.09.26-27,神奈川,関東,山下公園 おまつり広場,マルシェ|大型,横浜市のガーデンネックレス横浜2026の特別企画として山下公園で開かれる、GreenSnap主催の大型マルシェ。アガベ・ビカクシダ・塊根植物・食虫植物・山野草など約60の出店が並び、日によって出店者が入れ替わる。デジタルスタンプラリーやお花すくいの体験もある。,https://greensnap.jp/event/events/greensnap-marche-yokohama-2026-autumn/,https://ycvb.yokohama/img_data/yw12201_1.jpg,upcoming
dio-plants-fes-vol1-kusatsu-2026-09,DIO PLANTS FES vol.1,2026-09-26,2026-09-27,2026.09.26-27,滋賀,関西,アヤハディオ ディオワールド草津店（滋賀県草津市）,即売会,滋賀県草津市・アヤハディオ ディオワールド草津店で初開催される植物イベント。塊根植物・食虫植物・アロイド・ビカクシダ・盆栽などを扱う10店舗以上が集まり、キッチンカーも来場予定。入場無料。,https://www.instagram.com/ayahadio.co.jp/,,upcoming
little-green-marche-mitoyo-2026-09,LITTLE GREEN MARCHE,2026-09-26,2026-09-26,2026.09.26,香川,四国,SIESTA（香川県三豊市高瀬町下勝間668）,マルシェ,香川県三豊市・SIESTAの駐車場で開かれる植物マルシェ。多肉植物やアガベ、ビカクシダなどを扱う店が集まり、体験ブースやフードも出る。主催はSIESTA。,https://www.instagram.com/siesta0890/,,upcoming
taniku-midori-marche-niitsu-2026-09,多肉＆みどりのマルシェ 2026秋,2026-09-26,2026-09-27,2026.09.26-27,新潟,北陸,新津フラワーランド（新潟県新潟市秋葉区古津891-1）,即売会|マルシェ,新潟市秋葉区の新津フラワーランドで開かれる展示販売会。多肉植物や観葉植物を専門に扱う業者が集まり、アガベ・エケベリア・コーデックス（塊根）・ビカクシダなどインテリアプラントとして人気の高い植物が並ぶ。,https://nf-land.com/event/9050/,,upcoming
bba-vol5-carpediem-2026-09,Botanical Beauty Attractive vol.5,2026-09-26,2026-09-26,2026.09.26,栃木,関東,CARPE DIEM（栃木県佐野市馬門町1721-1）,即売会,栃木県佐野市のCARPE DIEMで開かれる植物イベントの第5回。アガベのport eden agave、パキポディウムのbotalife pachyなど複数の販売者が出店する。東西それぞれの主催者が運営する形をとっている。,https://www.instagram.com/bba_e.w/,,upcoming
robin-bizarre-garden-6th-2026-09,第6回 ロビン ビザールガーデン,2026-09-26,2026-09-27,2026.09.26-27,京都,関西,ロビンガーデン（京都府長岡京市粟生北野10）,即売会,京都府長岡京市のロビンガーデンで開かれる植物イベントの第6回。多肉植物全般とサボテン、ガステリアやメセン、タンクブロメリア、熱帯植物、山野草が並ぶ。27日は16時まで。,https://www.instagram.com/robingarden02/,https://poiend-pctr.c.yimg.jp/RbvIgEqcLh0WnvgGGwVVgTznkURkbN_CqctDurJdF3SWqst2971Z4EDCd1JfcX3SuG4MVHhWlK1NAmxIsS1CvLiKrXs1FajjjulJjWVYFTbJ2EBS79zmL8qWh-zdKEIWTv6BS4M1NlvFoOBjpHvx9_TIAR1Hu40j2GciPoAflnR10vl68RLrvw3xJoZftydPxsK8YpUBoZNVqL2o8UgqISVcFoUA-188RGVQ-RssCJfaOOQ9o7tVFDpvf7pCzY5zbyUst_E41XeKJ_DElS0pdlW30kvDyKYfFroyG-4GI-s=,upcoming
underground-agave-2026-09,UndergrounD,2026-09-26,2026-09-26,2026.09.26,埼玉,関東,TITANOTA BASE（埼玉県草加市）,アガベ,アガベの文化と歴史、育成をテーマにした勉強会。講師6名が登壇し、ビュッフェ形式で定員80名。植物の販売と持ち込みはない。申し込みは主催アカウントへのDM。,https://www.instagram.com/p/Dcd3Rp1PSPX/,,upcoming
bikaku-shokubutsu-sagyoshitsu-2026-09,麋角植物作業室,2026-09-26,2026-09-27,2026.09.26-27,熊本,九州,tone（熊本県熊本市東区）,ビカクシダ|着生植物|展示会,ビカクシダ愛好家3名が珈琲店を舞台に開く展示販売会。板付けと胞子培養のワークショップに加え、株分けや板付けといった普段の園芸作業を会場で公開する企画も行う。,https://www.instagram.com/reel/DcalRTLSAQE/,,upcoming
isij-big-bazaar-2026-09-27,9月のサボテン・多肉植物ビッグバザール,2026-09-27,2026-09-27,2026.09.27,東京,関東,五反田TOCビル 13階,大型|即売会,ISIJ（国際多肉植物協会）主催のサボテン・多肉植物ビッグバザール。五反田TOCビル13階で開催される秋の定例即売会。,http://isij.net/,https://midori-no-nikki.com/wp-content/uploads/2023/09/アガベ：覇王竜-1-scaled.jpg,upcoming
fukuoka-green-party-7th-2026,第7回 福岡グリーンパーティー,2026-09-27,2026-09-27,2026.09.27,福岡,九州,志摩中央公園 屋根付きプロムナード（糸島市）,即売会|マルシェ,福岡で開かれる入場無料の園芸イベント「グリパ」の第7回。多肉植物・サボテン・アガベ・塊根植物・ビカクシダなど幅広いジャンルの店が集まる。公式Instagramでは出店者紹介と協力店の告知が回を追って公開され、会場で提供される飲食を「グリパ飯」として別枠で案内している。,https://www.instagram.com/fukuoka_green_party/,,upcoming
myoko-taniku-market-15th-2026,妙高多肉市場 vol.15,2026-09-27,2026-09-27,2026.09.27,新潟,北陸,フィールド妙高（道の駅あらい東側）,即売会|マルシェ,妙高多肉市場の第15回。道の駅あらい東側エリアのフィールド妙高で、多肉植物・アガベ・塊根植物を中心に陶器鉢やガーデン雑貨が並ぶ屋外即売会。雁木下スペース9店舗とテント出店で構成され、キッチンカーも出店する。出店は新潟・長野・富山・石川在住者と過去出店者に限定されている。,https://www.instagram.com/_myoko_plants_market_/,,upcoming
plants-show-kiryu-2026-autumn,PLANTS SHOW 2026秋,2026-09-27,2026-09-27,2026.09.27,群馬,関東,桐生市本町通り 歩行者天国ほか市内5会場（群馬県桐生市本町6丁目〜錦町一丁目）,即売会|マルシェ|大型,群馬県桐生市の本町通りを歩行者天国にして、市内5会場を回遊する植物イベント。サボテンや観葉植物、テラリウム、ドライフラワーなどを扱う60店舗以上が出店し、珍奇植物研究所や塊根植物plants TORICO、多肉STYLEなども参加する。主催はPurveyors。会場ごとに開始時刻が異なる。,https://note.com/purveyors/n/nccecb7bfd245,https://assets.st-note.com/production/uploads/images/294073211/rectangle_large_type_2_510a8f58ade385ee561be41b6b891e31.jpeg?fit=bounds&quality=85&width=1280,upcoming
exploring-unpredictable-plants-2026-09,Exploring Unpredictable Plants 2026,2026-09-27,2026-09-27,2026.09.27,大阪,関西,exhibition hall calmspace（大阪府大阪市中央区南船場4-9-14 第一丸米ビルMB1F）,即売会|珍奇植物,大阪・南船場の展示スペースで開かれる植物イベント。アンスリウム、ビカクシダ、チランジア、アグラオネマを中心に並ぶ。主催はacu-s forest。どなたでも入場できる。,https://www.instagram.com/acu.s_forest/,,upcoming
edamame-bikaku-itazuke-2026-09,ビカクシダ板付け相談会 & 即売会,2026-09-27,2026-09-27,2026.09.27,埼玉,関東,edamame園芸店 敷地内（埼玉県川越市砂新田388-7）,ビカクシダ|着生植物|即売会,ビカクシダの育て方や板付けのコツを相談できる催し。持参した株の板付けや仕立て直しにも対応する。即売コーナーではビカクシダのほか板材や関連グッズも扱う。,https://www.instagram.com/p/DcfOuKizHH4/,,upcoming
happy-smile-2nd-odawara-2026-09,第2回 HAPPY SMILE,2026-09-27,2026-09-27,2026.09.27,神奈川,関東,小田原アリーナ サブアリーナ（神奈川県小田原市中曽根263）,多肉植物|即売会,多肉植物と雑貨の出店が中心で、主催の出店者紹介には28組以上が並ぶ。植物以外にメダカ・マッサージ・手相・クラフト作家・キッチンカーも入る。屋内会場のため天候に左右されない。,https://www.instagram.com/p/DcdeqxJgRoi/,,upcoming
tochigi-tanippe-2026-10,栃木★多肉フェス タニッペ,2026-10-03,2026-10-04,2026.10.03-04,栃木,関東,ゆうがおパーク,即売会,栃木県下野市のゆうがおパークで開催される多肉植物・アガベ・塊根植物の即売会。多肉植物愛好家のための大型イベント。,https://www.instagram.com/rinrin_rinarina/,,upcoming
on-the-plants-vol9-fukuoka-2026-10,On the Plants Vol.09,2026-10-03,2026-10-04,2026.10.03-04,福岡,九州,福岡アイランドシティフォーラム,即売会,福岡・アイランドシティで開催される九州最大級の複合販売イベント第9回。希少植物・塊根植物・多肉植物に加え、クラフトや生体ブースも並ぶ。,https://ontheplants.com/,,upcoming
botanical-botanical-fukuoka-2026-10,BOTANICAL BOTANICAL FUKUOKA,2026-10-03,2026-10-04,2026.10.03-04,福岡,九州,調整中,即売会,植物イベントシリーズ BOTANICAL BOTANICAL の福岡開催回。公式Instagramのプロフィールで会期が告知されている段階で、会場は未発表。同シリーズは大阪・東京・茨城(鹿嶋)などで開催されてきた巡回型のイベント。会場が発表され次第、当ページを更新する。,https://www.instagram.com/botanical.botanical/,,upcoming
gen-x-bocchi-botanical-market-2026-10,愿×ぼっち植堂 秋のボタニカルマーケット,2026-10-03,2026-10-04,2026.10.03-04,静岡,東海,富士中央公園 芝生広場（静岡県富士市蓼原町）,マルシェ,静岡県富士市・富士中央公園の芝生広場で開かれるボタニカルマーケット。「珍奇植物 ぼっち植堂」と「愿」のコラボ第二弾で、植物ショップと作家が出店する。同会場では第3回愿ステージイベントも同時開催。イベント名は主催者告知時点で仮称。,https://www.instagram.com/bocchi_syokudou/,,upcoming
yurutto-taniku-marche-1st-inabe-2026-10,第1回 ゆるっと多肉マルシェ ONE DAY BOTANICAL ESCAPE,2026-10-03,2026-10-03,2026.10.03,三重,東海,FUJIHUB（三重県いなべ市大安町鍋坂2366-1）,即売会|マルシェ,三重県いなべ市の複合施設FUJIHUBで開かれる小規模な多肉植物マルシェの第1回。多肉植物と植物雑貨、ガーデン雑貨の店が屋内空間に集まる。主催は多肉植物ブランド「多肉のしずく」。雨天決行・荒天中止。,https://www.instagram.com/taniku.no.shizuku/,https://static.hanaprime.jp/botanical-book-wp/wp-content/uploads/2025/03/20033553/f3aef5f15d81edd41c11182bfea9854b.gif,upcoming
botanical-marche-niigata-2026-10,ボタニカルマルシェ新潟2026,2026-10-04,2026-10-04,2026.10.04,新潟,北陸,いくとぴあ食花 花と緑の展示館（新潟県新潟市中央区清五郎336）,即売会,北陸サボテンクラブと新潟サボテンクラブの合同開催による植物販売会。サボテン・多肉植物・アガベ・塊根植物などを扱う店と趣味家が新潟市のいくとぴあ食花に集まる。入場無料・駐車場あり。,https://www.instagram.com/hokuriku.saboten.club/,,upcoming
souransai-koshigaya-2026-10,草乱祭with月刊チューズデイ - World Plant Market -,2026-10-04,2026-10-04,2026.10.04,埼玉,関東,見田方遺跡公園（越谷レイクタウン駅前広場）（埼玉県越谷市レイクタウン8-2-6-2）,即売会|マルシェ,越谷国際フェスティバルの会場に草乱祭が「World Plant Market」として出展する回。多肉植物・アガベ・サボテン・塊根植物・ビカクシダなど世界各地の植物が並ぶ。これまでのしらこばと水上公園・シマムラ園芸から会場を移し、越谷レイクタウン駅前での開催となる。入場無料。,https://soransai.com/,,upcoming
asamiya-tanikusai-7th-2026-10,第7回 あさみや in 多肉祭,2026-10-04,2026-10-04,2026.10.04,茨城,関東,雑貨のお店 あさみや（茨城県那珂郡東海村舟石川149-4）,即売会|マルシェ,茨城県東海村の雑貨店「あさみや」で開かれる多肉祭の第7回。多肉植物やガーデン雑貨の出店を中心に、キッチンカーやPOP UP出店も入る。雨天決行・荒天中止。,https://www.instagram.com/minicar_ya_san/,,upcoming
botanic-collection2-ube-2026-10,ぼたにっくcollection2,2026-10-04,2026-10-04,2026.10.04,山口,中国,ときわミュージアム ときわ公園内（山口県宇部市野中3丁目4-29）,即売会,山口県宇部市のときわ公園内にあるときわミュージアムで開かれる植物イベントの第2回。第1回ではアガベや塊根植物、多肉植物、サボテン、エケベリアが中心に並んだ。,https://www.instagram.com/botanic_collection/,,upcoming
hanauchu-dream-garden-28th-2026-10,第28回 花宇宙ドリームガーデン,2026-10-09,2026-10-11,2026.10.09-11,兵庫,関西,花宇宙（兵庫県川西市絹延町3-10）,即売会|珍奇植物,珍奇植物の卸を手がける花宇宙が兵庫県川西市の自社で開くレアプランツの販売会。主催は2026年最後のドリームガーデンとして案内している。,https://www.instagram.com/hanauchustaff/,,upcoming
green-champuroo-vol2-2026-10,GREEN CHAMPUROO -Vol.2-,2026-10-09,2026-10-11,2026.10.09-11,沖縄,九州,海洋博公園 熱帯ドリームセンター（沖縄県国頭郡本部町石川424）,即売会|展示会,沖縄の海洋博公園にある熱帯ドリームセンターで開かれる展示即売会の第2回。インドアグリーンや熱帯植物、珍奇植物と園芸用品が並ぶ。10月10日と11日は熱帯ドリームセンターと海洋文化館が無料入館日となる。,https://www.instagram.com/anrigarden/,https://www.vandaka-plants.com/wp-content/uploads/2021/06/shopsiteimage2020-scaled.jpg,upcoming
taniku-midori-marche-flarie-2026-10,多肉とみどりのマルシェ in フラリエ 秋,2026-10-10,2026-10-12,2026.10.10-12,愛知,東海,久屋大通庭園フラリエ,マルシェ|即売会,名古屋都心の久屋大通庭園フラリエで開催される多肉植物・珍奇植物・ハンドメイド雑貨のマルシェ。日替わりでセミナーやワークショップも開催。,https://www.instagram.com/taniku_to_midori_no_marche/,,upcoming
nishikan-botanical-nominoichi-4th-2026-10,第4回 にしかんボタニカル蚤の市 2026秋,2026-10-10,2026-10-11,2026.10.10-11,新潟,北陸,メドサン（新潟県新潟市西蒲区）,マルシェ|即売会,新潟市西蒲区の平家古民家を一棟貸し切って開かれるボタニカル蚤の市の第4回。植物と古い物を一緒に愛でるという趣旨で、植物のほか古物・雑貨・飲食が並ぶ。主催アカウントが出店者一覧を公開している。,https://www.instagram.com/nishikan.botanomi/,,upcoming
the-botanical-world-vol3-2026-10,THE BOTANICAL WORLD Vol.3,2026-10-10,2026-10-11,2026.10.10-11,福岡,九州,志摩中央公園 プロムナード（福岡県糸島市）,即売会|マルシェ,福岡県糸島市の志摩中央公園で開かれる植物イベントの第3回。アガベ、コーデックス、ビカクシダ、サボテン、エケベリア、観葉植物が並ぶ。入場も駐車場も無料。,https://www.instagram.com/the_botanical_world_fukuoka/,,upcoming
kyoshokusai-vol7-2026-10,狂植祭 Vol.7,2026-10-10,2026-10-10,2026.10.10,奈良,関西,リーベル王寺 東館 雪丸スクエア（奈良県北葛城郡王寺町久度2-2-1）,塊根植物|珍奇植物|多肉植物|アガベ|即売会,塊根植物・珍奇植物・多肉植物・アガベを扱う店が集まる回。実生株のほか、3Dプリント鉢やデザインペイント鉢、真鍮の植物モチーフ雑貨など鉢まわりの作家ものも並ぶ。,https://www.instagram.com/p/Dck_fRqJYaU/,,upcoming
shimane-cactus-succulent-ten-2026-10,サボテン・多肉植物展,2026-10-10,2026-10-12,2026.10.10-12,島根,中国,しまね花の郷（島根県出雲市西新町二丁目1101-1）,サボテン|多肉植物|展示会,山陰のサボテン・多肉植物の愛好家が集まる島根サボテン多肉の会による展示会。会員が育てたサボテン、アロエ、ハオルチア、アガベ、リトープス、エケベリアなどのコレクションを一堂に展示し、即売品の販売もある。,https://shimane-hananosato.com/event/event-906/,,upcoming
hiroshima-cactus-succulent-ten-2026-10,サボテン・多肉植物展（広島市植物公園）,2026-10-10,2026-10-18,2026.10.10-18,広島,中国,広島市植物公園（広島県広島市佐伯区倉重3-495）,展示会,広島カクタスクラブとの共催で、変化に富んだサボテンと多肉植物の姿を展示温室に並べる9日間。土日祝には臨時売店が出て苗の購入もできる。会期中の金曜日は休園。,http://www.hiroshima-bot.jp/info/%E3%82%B5%E3%83%9C%E3%83%86%E3%83%B3%E3%83%BB%E5%A4%9A%E8%82%89%E6%A4%8D%E7%89%A9%E5%B1%95/,,upcoming
kadan-fes-2026-autumn,カダンフェス2026秋,2026-10-10,2026-10-10,2026.10.10,千葉,関東,船橋競馬場 場外広場（千葉県船橋市若松1-2-1）,マルシェ|大型,ビギナーから愛好家までが植物にふれるきっかけをつくることを目的にフマキラーが開く大規模園芸イベント。植物マルシェとワークショップに加え、文化放送の番組公開収録も行われる。,https://fumakilla.jp/kadanlife/kadanfes/,,upcoming
kagoen-aki-geijutsu-shokubutsu-matsuri-13th-2026,第13回 花郷園 秋の芸術植物祭り,2026-10-10,2026-10-11,2026.10.10-11,東京,関東,花郷園（東京都府中市紅葉丘2-22-4）,即売会|マルシェ,創業102年のベゴニア専門ナーセリーの大温室を会場に、23の生産者・作家が集まるボタニカルマーケット。洋ラン、チランジア、ブロメリア、サボテン、多肉植物、アガベ、塊根、ビカクシダ、陶器鉢が並び、湘仙園によるプランツオークション（10日12:30〜）や多肉植物のワークショップも行われる。10日10:00〜11:00は事前整理券制、以降は予約不要。雨天決行。,https://www.kagoen.co/,,upcoming
shokubutsu-to-pan-vol1-mitakadai-2026-10,植物と(パン) vol.1,2026-10-10,2026-10-10,2026.10.10,東京,関東,コロレ（東京都三鷹市井の頭1-13-42）,マルシェ,小さなパン屋の横に植物の趣味家が並ぶ、旗竿園芸が立ち上げた小規模イベントの第1回。植物を眺めながらパンを味わう時間をテーマにしており、京王井の頭線三鷹台駅から徒歩4分。会場利用はワンオーダー制。,https://www.instagram.com/hatazao_engei/,,upcoming
roots-and-sun-esaka-2026-10,ROOTS & SUN,2026-10-10,2026-10-10,2026.10.10,大阪,関西,アメニティ江坂 敷地内（大阪府吹田市芳野町13-14）,即売会|マルシェ,塊根植物・多肉植物を中心に、観葉植物や鉢・園芸用品まで植物まわりの店が集まる野外マーケット。主催は植物ブランドの KUSABI で、江坂駅から徒歩約10分の屋外スペースで開く。,https://www.instagram.com/kusabi_official/,,upcoming
plants-baka-4th-anniversary-2026-10,Plants Baka 4周年祭,2026-10-10,2026-10-12,2026.10.10〜10.12,兵庫,関西,Plants Baka（兵庫県神戸市北区山田町東下64-1）,即売会,神戸の植物店 Plants Baka の4周年祭。「Plants Baka騒ぎ」と題した生産者直売会に耐寒性アガベの無名のアルティジャーノ夫・RINO PLANTS など8組が日替わりで並び、周年祭価格の販売やタイ料理屋台も出る。,https://www.instagram.com/plants.baka/,,upcoming
ibatama-vol9-2026-10,いばたま vol.9,2026-10-11,2026-10-12,2026.10.11-12,茨城,関東,共和電設とねミドリ館（古河市）,即売会|マルシェ,「多肉と雑貨と旨いもの」がテーマのイベント第9回。アガベ・サボテン・エケベリア・寄せ植え・雑貨が並ぶ2日間。,https://www.instagram.com/ibatama.ta29/,,upcoming
sorara-taniku-sai-omitama-2026-10,空のえき「そ・ら・ら」in 多肉祭,2026-10-11,2026-10-11,2026.10.11,茨城,関東,空のえき そ・ら・ら（茨城県小美玉市山野1628-44）,即売会|マルシェ,茨城県小美玉市の空のえき「そ・ら・ら」で初開催される多肉祭。まちの駅笠間宿で毎月開かれている多肉祭の主催者が会場を広げて企画したもので、多肉植物とガーデン雑貨の出店を最大20店舗規模で募っている。,https://www.instagram.com/minicar_ya_san/,,upcoming
nihon-shaboten-taikai-51st-2026-10,第51回 日本シャボテン大会,2026-10-11,2026-10-11,2026.10.11,京都,関西,京都パルスプラザ 京都府総合見本市会館（京都府京都市伏見区）,展示会|即売会|大型,京都シャボテンクラブが京都パルスプラザで開く全国規模のサボテンの大会。サボテンの展示と即売、交換会が行われる。入場無料。,https://kyotocactus.syuriken.jp/project.html,,upcoming
tochigi-tanippe-fukaya-final-2026-10,栃木★多肉フェス in 深谷グリーンパーク（タニッペ Final）,2026-10-11,2026-10-11,2026.10.11,埼玉,関東,深谷グリーンパーク（埼玉県深谷市樫合763）,多肉植物|即売会,栃木発の多肉植物イベント「タニッペ」の埼玉開催回。主催はRINA★RINA。シリーズ最終回として告知されている。出店者と企画は順次発表。,https://www.instagram.com/p/DcbRLixKsXf/,https://www.saihokunavi.net/images_c/event/image5870.jpg?1774429693,upcoming
botanical-link-popup-kasugai-2026-10,BOTANICAL LINK POP UP EVENT,2026-10-11,2026-10-11,2026.10.11,愛知,東海,愛知県春日井市坂下町4-224-7,マルシェ,「ボタりん」の愛称で春秋に開かれる、植物を軸にしたゆるやかなポップアップ。植物のほかアパレル・雑貨・フードの出店が並び、見るだけの来場も歓迎という主催の案内どおり気負わず立ち寄れる一日。,https://www.instagram.com/surf_plants/,https://bonbon-navi.com/wp-content/uploads/yorocca_kasugai20260714.png,upcoming
plants-dry-garden-market-meiwa-2026-10,PLANTS & DRY GARDEN MARKET,2026-10-11,2026-10-11,2026.10.11,三重,東海,BAUHAUS 明和本社（三重県多気郡明和町馬ノ上360-2）,即売会|マルシェ,アガベ・塊根植物・パキポディウムを扱うドライプランツの店4組が集まる一日限りのマーケット。かいこんにんげん、tsuuuuuto plants、Grizzly Plants、Kevin Plants が出店し、スパイスカレーとコーヒーの店も並ぶ。駐車スペースあり。,https://www.instagram.com/bauhaus_plus/,,upcoming
nara-bikaku-fes-vol2-2026-10,ナラビカクフェス Vol.2,2026-10-12,2026-10-12,2026.10.12,奈良,関西,奈良市役所前 芝生広場（奈良県奈良市二条大路南1-1-1）,即売会|マルシェ,奈良市役所前の芝生広場で開かれるビカクシダ中心の植物イベントの第2回。入場は無料で駐車場もある。主催はsorairo coffeee。,https://www.instagram.com/nara.bikakufes/,https://ms-cache.walkerplus.com/walkertouch/wtd/event/06/l2/445906.jpg,upcoming
enjoy-place-5th-2026-10,enjoy place 5th,2026-10-17,2026-10-17,2026.10.17,埼玉,関東,シマムラ園芸 第2ハウス（越谷市）,即売会|マルシェ,古道具TANITEN主催。多肉植物・サボテン・ガーデン雑貨・古道具にキッチンカーも並ぶイベント第5回。,https://www.instagram.com/taniten_kengo202/,,upcoming
plant-freaks-olinas-2026-10,Plant Freaks in オリナス錦糸町 2026（10月）,2026-10-17,2026-10-18,2026.10.17-18,東京,関東,オリナス錦糸町,即売会,塊根植物・アガベ・多肉植物・ハオルチア・ビカクシダが集まる植物即売会「Plant Freaks」のオリナス錦糸町での開催回。会場は2F・3Fの通路。開催時間と入場料は主催の告知時点では未発表。,https://www.instagram.com/plant_fks/,,upcoming
sora-to-taiyo-marche-puchi-vol2-2026-10,空と太陽のマルシェ ぷちvol.2,2026-10-17,2026-10-17,2026.10.17,茨城,関東,ファッションクルーズ ニューポートひたちなか（茨城県ひたちなか市新光町35）,即売会|マルシェ,茨城県ひたちなか市のショッピングモール、ファッションクルーズ ニューポートひたちなかで開かれる植物と雑貨のマルシェ。主催はsol green。会場はメインゲート脇の通路。,https://www.instagram.com/sol_green.ryuchan/,,upcoming
fujisan-garden-marche-2026-10,富士山Garden marche,2026-10-17,2026-10-17,2026.10.17,静岡,東海,富士ミルクランド 芝生広場（静岡県富士宮市上井出3690）,即売会|マルシェ|大型,静岡県富士宮市の富士ミルクランドで開かれる植物マルシェ。多肉植物やサボテン、アガベ、塊根植物を扱う約70店舗が出店する。雨天決行で荒天の場合は中止。,https://www.instagram.com/fujisan_gardenmarche/,,upcoming
plants-plants-plants-bhms-2026-10,Plants Plants Plants（BHMS GARDEN 秋）,2026-10-17,2026-10-18,2026.10.17-18,岐阜,東海,BHMS GARDEN ホームアンドガーデン バムズ（岐阜県岐阜市長良井田50-1）,即売会,岐阜市のBHMS GARDENが趣味家と専門店を招いて開く2日限定の植物イベント。春の回では多肉植物やサボテン、アロエを扱う出店が並んだ。,https://www.instagram.com/bhms_garden/,"https://static.wixstatic.com/media/cf2e7a_9e76e615def6419ead17b8ee11f08df9~mv2.png/v1/fill/w_1000,h_1000,al_c,q_90,usm_0.66_1.00_0.01/cf2e7a_9e76e615def6419ead17b8ee11f08df9~mv2.png",upcoming
green-base-market-vol1-nishikata-2026-10,GREEN BASE MARKET vol.1,2026-10-18,2026-10-18,2026.10.18,栃木,関東,道の駅 にしかた（栃木県栃木市西方町元369-1）,即売会,栃木県栃木市・道の駅にしかたで初開催される多肉植物のイベント。25店舗が集まり、多肉植物・サボテン・塊根植物のほか木工作品や雑貨も並ぶ。主催は犬飯、出店者紹介は喜木ENが担当。,https://www.instagram.com/kikien.succulent0222/,,upcoming
tiger-plants-hunters-2026-10,TIGER PLANTS HUNTERS,2026-10-18,2026-10-18,2026.10.18,岐阜,東海,美濃加茂市文化会館 かも〜る（岐阜県美濃加茂市島町2-5-27）,即売会,岐阜県美濃加茂市の文化会館で開かれる植物イベント。趣味家の余剰株を分け合う場として主催のTiger Plantsが企画し、塊根植物などが並ぶ。,https://www.instagram.com/tigerplants44/,https://hanatomofesta.com/files/libs/2848/202312241612188838.JPG?1787844573,upcoming
kinshakusai-vol6-2026-10,金鯱祭 VOL.6,2026-10-18,2026-10-18,2026.10.18,愛知,東海,名古屋造形大学 名城公園キャンパス（愛知県名古屋市北区）,即売会,名古屋造形大学の名城公園キャンパスで開かれるビザールプランツのイベントの第6回。アガベや塊根植物、ビカクシダが並ぶ。主催はBLUE OCEAN。,https://www.instagram.com/bo_plants/,https://synchro-food-mobimaru-production-web-app-assets.s3.amazonaws.com/assets/top_logo_color@2x-661f43a915c574aa3cd9b26ae278eab387df76492ea45b60748e941e12034c31.png,upcoming
sapporo-bikaku-expo-lv3-2026-10,サッポロビカクエキスポ Lv.3,2026-10-18,2026-10-18,2026.10.18,北海道,北海道,SCARTSスタジオ さっぽろ創世スクエア2階（北海道札幌市中央区北1条西1丁目6）,展示会|即売会,札幌のさっぽろ創世スクエアで開かれるビカクシダの展示イベントの第3回。50株以上を展示し、余剰株や展示メンバーのスポア株、水苔やコルクの特別販売も行う。入場料が必要。,https://www.instagram.com/botapara_botanical_paradise/,https://gigaplus.makeshop.jp/fullidol01/img/idol_ogp_new.png,upcoming
taniku-midori-marche-nabana-2026-10,多肉とみどりのマルシェ in なばなの里 (第13回・秋),2026-10-23,2026-10-25,2026.10.23-25,三重,東海,なばなの里 B駐車場 特設会場,マルシェ|即売会,三重県桑名市・なばなの里にて開催される第13回「多肉とみどりのマルシェ」秋開催。多肉植物・観葉植物・花苗、ハンドメイド雑貨、ガーデニング用品、キッチンカーが集結。入場無料。,https://www.instagram.com/nagashima_marche/,,upcoming
garden-link-festa-2026-10,Garden Link Festa,2026-10-24,2026-10-24,2026.10.24,茨城,関東,研究学園駅前公園,マルシェ|即売会,茨城県つくば市の研究学園駅前公園で開かれる多肉植物の屋外イベント。開催は10月24日の10時から15時まで。主催は「多肉と人とつながる」を掲げており、多肉植物の販売とハンドメイド雑貨の出店が並ぶ構成。駅前公園での開催のため公共交通でのアクセスがしやすい。,https://www.instagram.com/garden_link_festa/,,upcoming
plants-box-kofu-2026-10,プランツボックス 甲府,2026-10-24,2026-10-24,2026.10.24,山梨,北陸,アシストエンジニアリングよっちゃばれ広場 甲府駅北口（山梨県甲府市北口2丁目2）,即売会|マルシェ,甲府駅北口のよっちゃばれ広場で開かれる植物イベント。多肉植物とサボテンを扱う専門店や趣味家21組が出店する。甲府での初開催。,https://www.instagram.com/kumakiri55/,,upcoming
jurian-aki-taniku-cactus-2026-10,秋の多肉植物・サボテン展示会（樹里安）,2026-10-24,2026-10-25,2026.10.24-25,埼玉,関東,川口緑化センター 樹里安（埼玉県川口市安行領家844-2）,展示会|即売会,埼玉多肉・サボテン友の会が主催する春秋恒例の展示即売会。会員が育てた多肉植物とサボテンを1階アトリウムに展示し、あわせて販売も行う。道の駅「川口・あんぎょう」に併設された屋内会場。,https://www.jurian.or.jp/event/article/?id=1475,,upcoming
botanical-marche-toyama-2026-10,ボタニカルマルシェ富山2026,2026-10-25,2026-10-25,2026.10.25,富山,北陸,立山町防災児童館 アカリエ 多目的ホール（富山県中新川郡立山町前沢2385）,即売会,北陸サボテンクラブが富山で開く植物販売会。サボテン・多肉植物・アガベ・塊根植物を扱う25店舗が立山町の複合施設「アカリエ」多目的ホールに集まる。室内会場のため雨天でも開催。入場無料・駐車場無料。,https://www.instagram.com/hokuriku.saboten.club/,,upcoming
plants-dive-vol5-nara-2026-10,PLANTS DIVE vol.5 in NARA,2026-10-25,2026-10-25,2026.10.25,奈良,関西,花ごころ（奈良県橿原市膳夫町517）,即売会,奈良県橿原市の花ごころで開かれる植物イベントの第5回。ビカクシダ、アガベ、エケベリア、塊根植物、サボテン、ハオルチア、アロイド、ステファニアが並ぶ。主催はplus plants。,https://www.instagram.com/plus__plants/,https://cdn.jmty.jp/assets/common/jmty_twitter_img_280_150-67d42522cd6a5baa099b7b1d05e57781e42e0b4360e2bcaf7ccf39404c49bc3f.png,upcoming
toyama-saboten-taniku-9th-2026-10,第9回 サボテン・多肉植物展（富山県中央植物園）,2026-10-30,2026-11-01,2026.10.30-11.01,富山,北陸,富山県中央植物園 サンライトホール（富山県富山市婦中町上轡田42）,展示会|即売会,富山サボテン会と富山県中央植物園が共催する展示会。会員が育てたサボテンや多肉植物を300点以上展示し、会場には会員による販売コーナーも設けられる。入園料が必要で、入園は16時まで。,https://www.bgtym.org/event/13014/,,upcoming
botanical-botanical-osaka-2026-10,BOTANICAL BOTANICAL OSAKA,2026-10-31,2026-11-01,2026.10.31-11.01,大阪,関西,調整中,即売会,植物イベントシリーズ BOTANICAL BOTANICAL の大阪開催回。公式Instagramのプロフィールで会期が告知されている段階で、会場は未発表。同シリーズは大阪・東京・茨城(鹿嶋)などで開催されてきた巡回型のイベント。会場が発表され次第、当ページを更新する。,https://www.instagram.com/botanical.botanical/,,upcoming
myoko-taniku-oichi-2026-11,妙高多肉大市 2026,2026-10-31,2026-11-01,2026.10.31-11.01,新潟,北陸,調整中,即売会|マルシェ,妙高多肉市場が発表した2026年秋の開催日程。10月31日（土）と11月1日（日）の実質2日連続開催で、11月1日は年内最終回として「妙高多肉大市」と銘打って開催される。会場は未発表（シリーズの通常会場はフィールド妙高）。,https://www.instagram.com/_myoko_plants_market_/,,upcoming
botanicbomb-vol11-fukuchiyama-2026-10,BOTANICBOMB vol.11,2026-10-31,2026-11-01,2026.10.31-11.01,京都,関西,三段池公園 総合体育館前広場（京都府福知山市猪崎377-1）,即売会|珍奇植物,京都府福知山市発の植物イベント「BOTANICBOMB」の第11回。北近畿最大の植物マーケットを掲げ、多肉植物・塊根植物・観葉植物など珍奇植物の店が全国から集まる。フードとMUSICも併設。駐車場無料。,https://www.instagram.com/botanicbomb/,,upcoming
nightwalker-horie-2026-10,NIGHTWALKER,2026-10-31,2026-11-01,2026.10.31-11.01,大阪,関西,HORIE BASE CASO（大阪府大阪市西区北堀江1-17-1 COR 202号）,即売会,大阪・北堀江で開かれる植物イベント。KOBE AGAVE SHOP、法花園、left botanical、牛乳植物、YOAKE GREEN SHOPなどが出店しアガベを中心に並ぶ。11月1日は10時から15時まで。主催はSmokeyWood。,https://www.instagram.com/driftwood.smokeywood/,https://bs8.animestore.docomo.ne.jp/prod/thumbnails/115008/volumes/401010/6471f62e80367.jpg,upcoming
purari-plants-vol3-2026-11,ぷらりぷらんつ vol.3 × feel 15th Anniversary,2026-11-01,2026-11-01,2026.11.01,大阪,関西,石川河川公園,マルシェ|即売会|多肉植物,大阪・羽曳野市の石川河川公園で開催される植物マルシェの第3回。ガーデンショップfeelの15周年記念合同企画で、多肉植物・アガベ・サボテン・ビザールプランツ・花・園芸雑貨・キッチンカーなど60ブース以上が出店予定。,https://www.instagram.com/p/DawfLgtBta5/,,upcoming
shumatsu-botanical-gotemba-2026-11,週末ボタニカル in 御殿場展示場,2026-11-01,2026-11-01,2026.11.01,静岡,東海,SBSマイホームセンター御殿場展示場（静岡県御殿場市東田中1884）,マルシェ|多肉植物,人気種からコレクター向けまで多肉植物の販売が中心で、寄せ植え体験も用意される秋の回。住宅展示場を会場にしており駐車場は約250台。小雨決行、荒天中止。,https://www.instagram.com/shizuoka.botanical/,https://www.sbs-mhc.co.jp/contents/2024/05/mainimg_gotemba.jpg,upcoming
plants-fes-vol4-ehime-2026-11,PLANTS FES vol.4,2026-11-01,2026-11-01,2026.11.01,愛媛,四国,かすみの森公園（愛媛県東温市上村417-1）,マルシェ|大型,四国最大級をうたう屋外の植物フェスの第4回。全国から人気ショップが集まり、植物とあわせてフードやキッチンカーも並ぶ。主催は spikybase と mellow plants coffee。駐車場は約500台のほか臨時駐車場2か所。,https://www.instagram.com/plants_fes_ehime/,,upcoming
chuushokushobutsusai-2026,食虫植物祭2026 (Carnivorous Plants Carnival #4),2026-11-07,2026-11-08,2026.11.07-08,兵庫,関西,兵庫県立フラワーセンター,即売会,食虫植物専門の祭典 (Carnivorous Plants Carnival #4)。全国の食虫植物ファンと出店者が集結する即売会・展示会。主催: Heli's Garden。,https://helisgarden.wraptas.site/2a8bb776d6808058961ccd2509c2704f,,upcoming
enjoy-place-outside-2nd-2026-11,enjoy place outside 2nd,2026-11-07,2026-11-07,2026.11.07,茨城,関東,研究学園駅前公園（つくば市）,即売会|マルシェ,古道具TANITEN主催の屋外版第2回。植物や花に加えて古道具・ヴィンテージ雑貨・ハンドクラフト・キッチンカーが並び、子供向けワークショップも予定されている。前回のつくば中央公園から研究学園駅前公園へ会場を移しての開催。雨天決行・荒天中止。,https://www.instagram.com/taniten_kengo202/,,upcoming
botajam-2026,BOTAJAM 2026 -岐の宴-,2026-11-07,2026-11-08,2026.11.07-08,岐阜,東海,セラミックパークMINO（岐阜県多治見市）,即売会|大型,岐阜発の植物イベントBOTAJAM（岐の宴）の2026年回。オールジャンルの植物・ショップ・趣味家によるジャムセッションをうたい、出店者も来場者も同じゲストとして楽しむ設計。前回のリバーポートパーク美濃加茂から会場をセラミックパークMINOに移し、初の2日間開催となる。,https://www.instagram.com/botajam2026/,,upcoming
wonder-market-2026-11,Wonder Market（2026年11月）,2026-11-08,2026-11-08,2026.11.08,埼玉,関東,キヤッセ羽生（埼玉県羽生市三田ヶ谷）,マルシェ|大型,羽生市の農林公園キヤッセ羽生で開かれるマーケット。植物をメインに、めだか・ハンドメイド・雑貨・ワークショップ・フードなどが並び、約130店舗が集まる。主催はPalm Healing。,https://www.instagram.com/_wonder_market_/,,upcoming
the-botanical-show-6th-2026,THE BOTANICAL SHOW 6TH,2026-11-14,2026-11-15,2026.11.14-15,神奈川,関東,茅ヶ崎中央公園,大型|マルシェ|即売会,神奈川県茅ヶ崎市の茅ヶ崎中央公園で2日間開かれる「植物と暮らしのマーケット」の第6回。植物にクラフトと音楽を組み合わせた湘南の大型マーケットで、アガベなど植物店が多数出店する。公式Instagramではシャトルバスの時刻表、先行入場のプレミアム販売、ステージのVIPチケット(完売)、ボランティア募集などが案内されており、運営規模の大きいイベント。,https://www.instagram.com/the_botanical_show/,,upcoming
botanical-botanical-okinawa-2026-11,BOTANICAL BOTANICAL OKINAWA,2026-11-14,2026-11-15,2026.11.14-15,沖縄,九州,調整中,即売会,植物イベントシリーズ BOTANICAL BOTANICAL の沖縄開催回。公式Instagramのプロフィールで会期が告知されている段階で、会場は未発表。同シリーズは大阪・東京・茨城(鹿嶋)などで開催されてきた巡回型のイベント。会場が発表され次第、当ページを更新する。,https://www.instagram.com/botanical.botanical/,,upcoming
jss-aki-taniku-ichi-takasaki-2026-11,JSS秋の多肉市,2026-11-14,2026-11-14,2026.11.14,群馬,関東,ヤマダデンキLABI1 LIFE SELECT高崎 屋外イベントスペース「LABI GARDEN」（群馬県高崎市栄町1-1）,即売会|多肉植物,NPO法人日本多肉植物の会が今年4月に続いて同じ会場で開く多肉植物の販売会。人気種からレア品種まで取り揃えるとしている。高崎駅東口直結の屋外イベントスペースが会場で、車の場合は近隣の有料駐車場を使う。,https://www.instagram.com/jss_event_info/,,upcoming
nagomi-marche-kazo-2026-11,和 -NAGOMI- 多肉と雑貨のガーデンマルシェ,2026-11-15,2026-11-15,2026.11.15,埼玉,関東,加須はなさき公園,マルシェ|即売会,埼玉県加須市の加須はなさき公園で開かれる多肉植物と雑貨のガーデンマルシェ。開催は11月15日の10時から15時まで。多肉植物の販売と雑貨の出店を組み合わせた構成で、公園の広場を使った屋外開催のため天候の影響を受けやすい点は留意したい。,https://www.instagram.com/nagomi_marche_2023/,,upcoming
shokuyu-hiroba-aki-2026-11,植友広場 〜秋の陣〜 2026,2026-11-15,2026-11-15,2026.11.15,岐阜,東海,大乗山法音寺 岐阜支院（岐阜県岐阜市切通7-15-22）,即売会|マルシェ,岐阜市のアガベ・塊根植物ブランド WindPlants が主催する植物イベント「植友広場」の秋回。春・夏に続く年内最後の開催で、植物と園芸資材の販売が並ぶ。,https://www.instagram.com/windplants_shop/,,upcoming
bota-para-vol4-sapporo-2026-11,Bota Para Vol.4,2026-11-15,2026-11-15,2026.11.15,北海道,北海道,アクセスサッポロ（北海道札幌市白石区流通センター4-3-55）,即売会|大型,道内最大級をうたう植物イベントの4回目。道内・道外に加え海外からの出店者も集まり、植物と植物まわりの物販ブースに飲食ブースが並ぶ。主催は frontierplants。,https://www.instagram.com/botapara_botanical_paradise/,,upcoming
moromoro-plants-19th-izumi-2026-11,モロモロプランツ 19th,2026-11-21,2026-11-22,2026.11.21-22,大阪,関西,エコール・いずみ アムゼ広場（大阪府和泉市いぶき野5-4-5）,マルシェ,植物屋Dohrakuが主催する植物イベントの19回目で、春秋2回の秋開催。多肉植物やサボテンを扱う出店者が2日間並び、恒例のみかん食べ放題に加えて今回は自衛隊車両の展示やノベルティ配布も予定されている。,https://www.instagram.com/moro2_plants/,,upcoming
isij-big-bazaar-2026-11-22,11月のサボテン・多肉植物ビッグバザール,2026-11-22,2026-11-22,2026.11.22,東京,関東,五反田TOCビル 13階,大型|即売会,ISIJ（国際多肉植物協会）主催のサボテン・多肉植物ビッグバザール。五反田TOCビル13階で開催される年内最後の定例即売会。,http://isij.net/,,upcoming
awajishima-taniku-smile-marche-3rd-2026,第3回 淡路島多肉DEすまいるマルシェ,2026-11-22,2026-11-22,2026.11.22,兵庫,関西,洲本市民広場,マルシェ|即売会,多肉と多肉にまつわる店が30店舗以上集まる淡路島の屋外マルシェ第3回。主催は淡路島多肉DEすまいる。ジャンケン大会やキッチンカーの出店もあり、悪天候の場合は中止となる。,https://www.instagram.com/mahota029/,,upcoming
midorigakuen-himeji-2026-11,緑楽宴,2026-11-22,2026-11-22,2026.11.22,兵庫,関西,姫路駅北にぎわい交流広場（兵庫県姫路市駅前町188-4）,マルシェ|ナイトマーケット,ビカクシダ専門店の穂ノ花が主催し、姫路駅前で初開催される植物とマルシェのイベント。地上階の広場と地下通路を使い、昼の1部と夜の2部に分けて出店者が入れ替わる。夜はイルミネーションの時間帯にあたる。,https://www.threads.com/@honoka.kakogawa,,upcoming
tokimeki-marche-kodaihasu-2026-11,多肉と雑貨のときめきマルシェ（古代蓮の里）,2026-11-22,2026-11-22,2026.11.22,埼玉,関東,古代蓮の里（埼玉県行田市小針2375-1）,マルシェ|多肉植物,エケベリアとセダムを中心にした多肉植物とガーデン雑貨が並ぶマルシェの行田会場。企画運営は魔女のココロ。会場の古代蓮の里は行田市郊外の公園で、春と秋の年2回開かれている。,https://www.instagram.com/tokimeki_marche/,,upcoming
taniku-handmade-marche-kushikino-vol2-2026-11,第2回 多肉とHandmade雑貨のマルシェ in 串木野,2026-11-22,2026-11-22,2026.11.22,鹿児島,九州,いちき串木野市御倉町145（ホームセンターマエダ跡地）,マルシェ,多肉植物とハンドメイド雑貨が並ぶ串木野のマルシェの2回目。多肉の販売のほかワークショップも出る。雨天決行。会場はホームセンターマエダ跡地の広場。,https://www.instagram.com/ta29_handmade.marche/,,upcoming
kyoto-midorino-marche-bangaihen-vol10-2026,Kyoto みどりのマルシェ 番外編 vol.10,2026-11-28,2026-11-28,2026.11.28,京都,関西,TauT阪急洛西口 高架下,マルシェ|即売会,京都みどりのマルシェから派生した番外編シリーズの第10回。サボテンや多肉植物の店が、阪急洛西口駅の高架下にある屋根付きスペース「トートひろば」に集まる。主催は多肉屋さん ぺてぃのお店。,https://www.instagram.com/midorino_marche/,,upcoming
plant-freaks-olinas-2026-11,Plant Freaks in オリナス錦糸町 2026（11月）,2026-11-28,2026-11-28,2026.11.28,東京,関東,オリナス錦糸町,即売会,塊根植物・アガベ・多肉植物・ハオルチア・ビカクシダが集まる植物即売会「Plant Freaks」のオリナス錦糸町での開催回。会場は3Fの通路のみ。開催時間と入場料は主催の告知時点では未発表。,https://www.instagram.com/plant_fks/,,upcoming
shokusai-tsumagoi-kakegawa-2026-11,植祭 植物で暮らしを楽しくする（2026年11月）,2026-11-28,2026-11-29,2026.11.28-29,静岡,東海,つま恋リゾート 彩の郷 南ゲート第1駐車場（静岡県掛川市満水2000）,即売会|アガベ|塊根植物,「植物で暮らしを楽しくする」を掲げる静岡の屋外植物イベント。掛川のつま恋リゾート彩の郷を会場に、アガベや塊根植物の販売店とキッチンカーが集まる。入場無料・駐車場無料。主催は植祭 GLOBAL BOTANICAL JAM。,https://www.instagram.com/global_botanical_jam/,,upcoming
chinki-shokubutsu-fair-4th-kasugai-2026,第四回 珍奇植物フェア,2026-11-29,2026-11-29,2026.11.29,愛知,東海,ナゴヤハウジングセンター春日井会場,即売会|珍奇植物,愛知県春日井市で開かれる珍奇植物フェアの第4回。多肉植物・サボテン・アガベ・塊根植物を扱う店が集まる即売イベント。運営は珍奇植物フェア実行委員会による委員会制で、単独の主催者ではなく実行委員が共同で企画・運営する形をとっている。,https://www.instagram.com/chinki_syokubutu_5/,,upcoming
taniku-no-matsuri-manyo-2026-11,多肉のまつり in 万葉公園,2026-11-29,2026-11-29,2026.11.29,島根,中国,島根県立万葉公園（島根県益田市）,即売会|マルシェ,島根県益田市の県立万葉公園で開かれる多肉植物のイベント。春回に続く秋の開催で、主催告知によれば新たに加わる出店者もある。会場は管理センターの館内と屋外を使い、キッチンカーも出店する。,https://www.instagram.com/d.plants.s/,,upcoming
tokimeki-marche-gunma-kenchomae-2026-11,多肉と雑貨のときめきマルシェ（群馬県庁前）,2026-11-29,2026-11-29,2026.11.29,群馬,関東,群馬県庁前 県民広場（群馬県前橋市大手町1-1-1）,マルシェ|多肉植物,行田・古代蓮の里と対になるときめきマルシェの群馬会場。多肉植物と雑貨の出店に加え、前回はワークショップやゲーム企画も行われた。県庁前の県民広場を使う屋外開催で、年2回のうちの秋の回。,https://www.instagram.com/tokimeki_marche/,,upcoming
kkt-taniku-fes-vol6-machida-2026-11,KKT多肉FES vol.6,2026-11-29,2026-11-29,2026.11.29,東京,関東,町田シバヒロ A・B・E面（東京都町田市中町1-1-5）,即売会|多肉植物,「狩って買って作ろう！」を掲げる多肉植物の即売イベントの第6回。苗と雑貨のブースに加えてワークショップや催しが用意され、9時オープン予定のKKTカフェも併設される。,https://www.instagram.com/kktsucculentfes/,,upcoming
okibota-december-2026-sunshine,オキボタ December 2026 in サンシャインシティ,2026-12-04,2026-12-06,2026.12.04-06,東京,関東,サンシャインシティ文化会館ビル 青エリア,即売会|大型,オーキッド＆ボタニカル主催の大型即売会。洋蘭・東洋蘭・食虫植物・エアプランツ・熱帯植物・シダなどを扱う出店者が全国から集まる。池袋サンシャインシティ文化会館ビル青エリアで12月4日から6日までの3日間開催。,https://h27664.wixsite.com/orchidbotanical/en/blank-4/okibotadecember2026-in-sanshainshiti,"https://static.wixstatic.com/media/4c353f_931106b8e6a74898a891f51c5f95057a%7Emv2.jpg/v1/fit/w_2500,h_1330,al_c/4c353f_931106b8e6a74898a891f51c5f95057a%7Emv2.jpg",upcoming
bizarre-plants-night-day-2026-12,ビザールプランツナイト(&デイ),2026-12-05,2026-12-06,2026.12.05〜12.06,愛知,東海,金城市場（愛知県名古屋市北区清水5-32-22）,即売会,名古屋市北区の金城市場を会場にした植物販売イベント。12月5日は夜、6日は昼という2部構成で、市場の建物にそのまま植物の店が並ぶ。主催は goodthings.jp ほか3組。入場料は未発表。,https://www.instagram.com/goodthings.jp/,,upcoming
succulent-wonderland-2nd-tatebayashi-2026-12,多肉ワンダーランド 第2回,2026-12-06,2026-12-06,2026.12.06,群馬,関東,リサイクルショップ虹風船 館林店 駐車場（群馬県館林市野辺町1028-2）,即売会|マルシェ,群馬県館林市のリサイクルショップ虹風船の駐車場で開かれる多肉植物イベントの第2回。主催の告知で第1回（9月6日）とあわせて日程が公表されている。,https://www.instagram.com/succulent_wonderland__/,,upcoming
taniku-revolution-vol3-2026-12,第3回 多肉レボリューション,2026-12-12,2026-12-13,2026.12.12〜12.13,愛知,東海,あいち健康の森公園 中央エントランス（愛知県大府市森岡町9-300）,即売会|マルシェ,知多半島の県営公園を会場にした多肉植物のイベント。3回目の今回は半田から大府へ会場を移し、エケベリアの実生生産者をはじめ各地の店が2日間並ぶ。ガーデン雑貨とキッチンカーも出る。駐車場は約900台で無料。,https://www.instagram.com/tanikurevolution/,,upcoming
hanatomofesta-2026,第9回 花友フェスタ,2026-12-19,,2026.12.19,大阪,関西,インテックス大阪,大型|マルシェ,"インテックス大阪で開催の日本最大級ガーデニングの祭典。園芸超人カーメン君がアンバサダー。前売¥1,600。",https://hanatomofesta.com/,https://hanatomofesta.com/files/libs/7138/202602261755302855.png,upcoming
tokai-okibota-2026,東海オキボタ 2026,2026-12-19,2026-12-20,2026.12.19-20,愛知,東海,東海市立勤労センター,即売会,オーキッド＆ボタニカルが愛知県東海市で開く即売会。洋蘭・東洋蘭・食虫植物・エアプランツ・熱帯植物などを扱う出店者が集まる。12月19日9:30から20日15:00までの2日間開催。,https://h27664.wixsite.com/orchidbotanical/en/blank-4/tokaiokibota-2026,"https://static.wixstatic.com/media/4c353f_931106b8e6a74898a891f51c5f95057a%7Emv2.jpg/v1/fit/w_2500,h_1330,al_c/4c353f_931106b8e6a74898a891f51c5f95057a%7Emv2.jpg",upcoming
isij-big-bazaar-2027-01-10,サボテン・多肉植物ビッグバザール（2027年1月）,2027-01-10,2027-01-10,2027.01.10,東京,関東,調整中,即売会|大型,国際多肉植物協会（ISIJ）が公式サイトで発表した2027年のビッグバザール日程のうち1月回。2027年1月10日（日）の開催で、会場は未発表。,http://isij.net/,,upcoming
botanical-monsters-2027-okazaki,BOTANICAL MONSTERS 2027,2027-01-17,2027-01-17,2027.01.17,愛知,東海,岡崎中日ハウジングセンター（愛知県岡崎市昭和町木舟25）,即売会|大型,住宅展示場の敷地全体を使う珍奇植物の即売会。パキポディウムやアガベを扱う生産者・専門ナーセリー20店以上に、愛好家の栽培株を並べるコレクション展示とモデルハウスでのインテリア実例が付く。主催は合同会社ちびGO。来場者用の無料駐車場464台。,https://botanical-monsters.chibigo-tokai.com/,http://botanical-monsters.chibigo-tokai.com/wp-content/uploads/2026/08/ChatGPT-Image-2026年8月3日-22_18_55.png,upcoming
aichin-shokusai-new-year-party-2027,愛珍植祭 New Year Party 2027,2027-01-24,2027-01-24,2027.01.24,愛知,東海,刈谷市産業振興センター あいおいホール,即売会,珍奇植物・アガベ・塊根植物が集まる刈谷の即売会「愛珍植祭」の新春回。前回の反響を受けて開催が決まった回で、会場は例年と同じ刈谷駅から徒歩圏のあいおいホール。,https://www.instagram.com/aichinn_syokusai/,,upcoming
isij-big-bazaar-2027-03-14,サボテン・多肉植物ビッグバザール（2027年3月）,2027-03-14,2027-03-14,2027.03.14,東京,関東,調整中,即売会|大型,国際多肉植物協会（ISIJ）が公式サイトで発表した2027年のビッグバザール日程のうち3月回。2027年3月14日（日）の開催で、会場は未発表。,http://isij.net/,,upcoming
isij-big-bazaar-2027-05-23,サボテン・多肉植物ビッグバザール（2027年5月）,2027-05-23,2027-05-23,2027.05.23,東京,関東,調整中,即売会|大型,国際多肉植物協会（ISIJ）が公式サイトで発表した2027年のビッグバザール日程のうち5月回。2027年5月23日（日）の開催で、会場は未発表。,http://isij.net/,,upcoming
isij-big-bazaar-2027-07-11,サボテン・多肉植物ビッグバザール（2027年7月）,2027-07-11,2027-07-11,2027.07.11,東京,関東,調整中,即売会|大型,国際多肉植物協会（ISIJ）が公式サイトで発表した2027年のビッグバザール日程のうち7月回。2027年7月11日（日）の開催で、会場は未発表。,http://isij.net/,,upcoming
isij-big-bazaar-2027-09-26,サボテン・多肉植物ビッグバザール（2027年9月）,2027-09-26,2027-09-26,2027.09.26,東京,関東,調整中,即売会|大型,国際多肉植物協会（ISIJ）が公式サイトで発表した2027年のビッグバザール日程のうち9月回。2027年9月26日（日）の開催で、会場は未発表。,http://isij.net/,,upcoming
isij-big-bazaar-2027-11-28,サボテン・多肉植物ビッグバザール（2027年11月）,2027-11-28,2027-11-28,2027.11.28,東京,関東,調整中,即売会|大型,国際多肉植物協会（ISIJ）が公式サイトで発表した2027年のビッグバザール日程のうち11月回。2027年11月28日（日）の開催で、会場は未発表。,http://isij.net/,,upcoming
kumagaya-taniku-fes-2026,第2回 熊谷多肉フェス,2026-02-14,2026-02-15,2026.02.14-15,埼玉,関東,,即売会,埼玉県で開催された多肉植物の専門マーケット。,,,past
miyashita-park-popup-2026,MIYASHITA PARK Pop-Up Store,2026-02-18,2026-03-01,2026.02.18-03.01,東京,関東,MIYASHITA PARK,即売会,渋谷の大型商業施設での期間限定ポップアップストア。,,,past
ibaraki-sky-palette-2026,いばらきスカイパレット 植物マルシェ,2026-02-21,2026-02-21,2026.02.21,茨城,関東,,マルシェ,茨城県の屋外施設で開催された植物マーケット。,,,past
plant-freaks-4th-2026,PLANT FREAKS 4th,2026-02-28,2026-03-08,2026.02.28-03.08,東京,関東,東京,大型,植物好きのための大型フェスティバル。,,,past
bizarrefarm-spring-fes-2026,bizarrefarm SPRING FES 2026,2026-03-28,2026-03-29,2026.03.28-29,埼玉,関東,道の駅いちごの里よしみ,即売会,道の駅いちごの里よしみで開催される多肉植物・サボテンの即売会。キッチンカーも出店する春の恒例イベント。,,,past
botanical-botanical-osaka,BOTANICAL BOTANICAL OSAKA,2026-03-28,2026-03-29,2026.03.28-29,大阪,関西,大阪,即売会|大型,大阪で開催されるボタニカルイベント。多様な植物愛好家やショップが出店する2日間の即売会です。,,,past
nara-botanical-garden-2026,ならの植物園2026,2026-03-28,2026-03-29,2026.03.28-29,奈良,関西,磯城郡田原本町,即売会|展示会,奈良県田原本町で開催される植物の展示即売イベント。アガベや多肉植物を扱う出店者が集まります。,,,past
bota-magic-2026,BOTA☆MAGIC,2026-03-29,2026-03-29,2026.03.29,和歌山,関西,本町公園芝生エリア,即売会|マルシェ,和歌山・本町公園で開催されるボタニカルマジックイベント。多肉植物やグリーンを中心としたマルシェ。,,,past
wakayama-green-marche,和歌山グリーンマルシェ,2026-03-29,2026-03-29,2026.03.29,和歌山,関西,和歌山,マルシェ|即売会,多肉植物やサボテンを中心とした青果品が集まる地域マルシェ。新鮮な植物の即売会です。,,,past
joyful-festival-2026,JOYFUL FESTIVAL,2026-04-04,2026-04-05,2026.04.04-05,千葉,関東,ジョイフル本田 千葉ニュータウン店,即売会,ジョイフル本田千葉ニュータウン店で開催される植物の即売イベント。多肉植物や観葉植物が集まります。,,,past
seiseihatake-2026,実生畑でつかまえて 2026,2026-04-04,2026-04-04,2026.04.04,東京,関東,Toky (日本橋久松町),即売会,東京・日本橋で開催される植物即売会。実生から育成した珍奇植物が集まるイベント。,,,past
shokuenseisai-5th,植縁祭 5th,2026-04-04,2026-04-05,2026.04.04-05,愛媛,四国,なかやまフラワーハウス,即売会|マルシェ,愛媛県伊予市で開催される植物イベント。多肉植物やサボテンの即売会。,,,past
the-botanical-show,THE BOTANICAL SHOW 5th,2026-04-04,2026-04-05,2026.04.04-05,神奈川,関東,THE OUTLETS SHONAN HIRATSUKA,即売会|展示会,湘南平塚アウトレットで開催されるボタニカルイベント。,,,past
bromeliad-festa-spring-2026,BROMELIAD FESTA SPRING 2026,2026-04-05,2026-04-05,2026.04.05,東京,関東,板橋区立文化会館,即売会|ブロメリア,ブロメリア専門の即売会。,,,past
plants-junkee-12th-2026,プランツジャンキー 12th,2026-04-05,2026-04-05,2026.04.05,大阪,関西,大阪南港ATC ITM棟 4F特設会場,即売会|大型,大阪南港ATCで開催される大型植物即売イベント第12回。アガベ、多肉植物、ビザールプランツなど多数出店。,,,past
hanauchu-dream-garden-26,第26回 花宇宙ドリームガーデン,2026-04-10,2026-04-12,2026.04.10-12,兵庫,関西,,即売会,兵庫県川西市で開催される大型植物イベント。多肉植物やサボテンの専門店が集結。,,,past
okibota-spring-2026-sunshine,オキボタ Spring 2026 in サンシャインシティー,2026-04-10,2026-04-12,2026.04.10-12,東京,関東,サンシャインシティ,即売会,東京・池袋のサンシャインシティで開催される植物即売会。多様な植物が揃うイベント。,,https://sunshinecity.jp/archives/001/202603/1f24737a056714394aad6df81c43215e883e3d262f85d7610e941dc5e1eae825.jpg,past
mebuki-sai-2026,芽吹祭,2026-04-11,2026-04-19,2026.04.11-19,東京,関東,東京都立小台橋高等学校,即売会,東京・新宿で開催される春の植物イベント。アガベや多肉植物を含む多彩な植物が集まる展示即売会。,https://www.instagram.com/p/DVx3uBMD3Sc/,,past
greensnap-marche-yokohama-2026,GreenSnap Marche YOKOHAMA 2026,2026-04-11,2026-04-12,2026.04.11-12,神奈川,関東,山下公園おまつり広場,マルシェ|大型|即売会,日本最大級の植物コミュニティ「GreenSnap」主催。山下公園おまつり広場にて。前回は約4万人来場。入場無料。,,,past
iku-matsuri-ichinomiya-spring,樹祭 in 一宮 2026春,2026-04-11,2026-04-12,2026.04.11-12,愛知,東海,,即売会,愛知県一宮市で開催される植物即売イベント。アガベ・塊根植物・観葉植物のショップが多数出店する大型即売会です。,,,past
tilly-fes-vol5-2026,Tilly FES Vol.5,2026-04-11,2026-04-12,2026.04.11-12,東京,関東,SPACE BANKSIA（東京都渋谷区）,即売会,チランジア（エアプランツ）専門イベント。SPACE BANKSIAにて全国のティランジア専門ショップが集結。,,,past
agave-meeting-2026-kobe,AGAVE MEETING 2026 KOBE,2026-04-12,2026-04-12,2026.04.12,兵庫,関西,,即売会,神戸で開催されるアガベ専門の即売会。全国のアガベ愛好家とショップが集結する専門的なイベントです。,,,past
jungle-plants-market,JUNGLE PLANTS MARKET,2026-04-12,2026-04-12,2026.04.12,埼玉,関東,,即売会,埼玉県久喜市で開催されるジャングルプランツのマルシェ。アロイドやジャングルプランツが揃う。,,,past
monster-plants-2nd-marugame-2026,モンスタープランツ 第2弾,2026-04-12,2026-04-12,2026.04.12,香川,四国,綾歌総合文化会館アイレックス,即売会|珍奇植物,香川県丸亀市で開催される珍奇植物販売会。入場無料。,,,past
sora-to-taiyo-marche-2026,空と太陽のマルシェ,2026-04-12,2026-04-12,2026.04.12,茨城,関東,茨城空港,即売会,茨城空港で開催されるグリーンマルシェ。多肉植物やハンドメイド雑貨が集まる屋外イベント。,,,past
plants-plants-plants-2026,PLANTS PLANTS PLANTS,2026-04-13,2026-04-13,2026.04.13,岐阜,東海,岐阜県内,即売会,岐阜県で開催される植物即売会。,,,past
taniku-moromoro-2026-spring,多肉もろもろ市場 2026春,2026-04-15,,2026.04 中旬,兵庫,関西,道の駅 北はりまエコミュージアム,即売会|マルシェ,兵庫県西脇市で開催される多肉植物専門の青空即売会。全国のブリーダーや販売者が集まる人気イベント。,,,past
shokubutsu-hyakkaten-2026,植物百貨展,2026-04-17,2026-04-18,2026.04.17-18,東京,関東,東京都内,即売会|展示会|大型,東京で開催される大型植物展示即売会。,,,past
botanical-circus-7-2026,Botanical Circus 7,2026-04-18,2026-04-19,2026.04.18-19,東京,関東,京橋,即売会,東京・京橋で開催されるビザールプランツ・珍奇植物の展示即売イベント第7回。,https://daybook-botanical.com/2026-botanical-events/,https://i0.wp.com/daybook-botanical.com/wp-content/uploads/2026/01/image-1.png?fit=2240%2C1260&ssl=1,past
fujiyama-days-little-green-park-2026,FUJIYAMA DAYS LITTLE GREEN PARK,2026-04-18,2026-04-19,2026.04.18-19,静岡,東海,富士中央公園（静岡県富士市永田町2-112）,即売会,静岡県富士市の富士中央公園で開かれた植物イベント。富士中央公園を会場とする野外イベント「FUJIYAMA DAYS」の一環として、2026年4月18日から19日までの2日間、10時から17時まで開催された。入場は無料。,,,past
plants-2306-3rd-anniversary-2026,PLANTS 2306 3rd ANNIVERSARY FESTIVAL,2026-04-18,2026-04-19,2026.04.18-19,三重,東海,,即売会,三重県で開催されるPLANTS 2306の3周年記念フェスティバル。植物の展示即売会。,https://www.instagram.com/p/DV5jlbngcH-/,https://takez.jp/wp-content/uploads/2025/07/IMG_4716.jpeg,past
bts-beppu-taniku-show-2026,BTS - BEPPU TANIKU SHOW,2026-04-18,2026-04-18,2026.04.18,大分,九州,別府市内,即売会|多肉植物,大分県別府市で開催される多肉植物の即売会。,,,past
fuji-taniku-plants-marche-2026,富士多肉プランツマルシェ,2026-04-18,2026-04-18,2026.04.18,静岡,東海,啓芳園,即売会,静岡県富士宮市の啓芳園で開催される多肉植物の即売マルシェ。,,,past
plants-fes-vol3-ehime-2026,PLANTS FES Vol.3,2026-04-19,2026-04-19,2026.04.19,愛媛,四国,,即売会,愛媛県で開催される多肉植物・アガベの即売イベント第3回。spikybase/MELLOW PLANTS COFFEE主催。,,,past
monster-plants-2026,モンスタープランツ 2026,2026-04-20,2026-04-20,2026.04.20,東京,関東,,即売会,希少な植物種が集まる大規模展示会。全国から愛好家が集結するイベントです。,,,past
raflum-popup-nagoya-takashimaya-2026,RAFLUM POP-UP（ジェイアール名古屋タカシマヤ）,2026-04-22,2026-04-28,2026.04.22-28,愛知,東海,ジェイアール名古屋タカシマヤ,即売会,ジェイアール名古屋タカシマヤで開催されるRAFLUMのポップアップストア。多肉植物・珍奇植物の展示販売。,https://raflum.com/,,past
haru-cactus-succulent-kuro-toyama-2026,春のサボテン・多肉植物展 ―特別展示 黒―,2026-04-24,2026-04-26,2026.04.24-26,富山,北陸,富山県中央植物園,展示会|即売会,富山県中央植物園で開催される春のサボテン・多肉植物展。特別展示「黒」をテーマにした展示即売会。,,,past
haru-saboten-taniku-fair-sapporo-2026,春のサボテン多肉植物フェア,2026-04-24,2026-04-26,2026.04.24-26,北海道,北海道,花のとびつか,即売会,札幌カクタスクラブが道内最大級の園芸店「花のとびつか」(札幌市北区新琴似町)の一角を借りて開いたサボテン・多肉植物のフェア。会期は4月24日から26日の3日間、9時から16時30分まで(最終日は15時終了)。春の開催はこのときが初の試みで、会員がそれぞれ個別ブースを構えて販売する形式をとった。育てた本人と直接話して買えるのが特徴で、サボテン・多肉植物のほかディッキア、アガベ、ユーフォルビア、エケベリア、塊根植物が並んだ。会計は花のとびつかとは別で、各ブースごとに行われた。,https://www.instagram.com/p/DVxEjm0iWCA/,,past
fumakilla-kadan-fes-2026,カダンフェス2026 春,2026-04-25,2026-04-26,2026.04.25-26,大阪,関西,ABCハウジング ウェルビーみのお,即売会,大阪・箕面のABCハウジングで開催されるフマキラー主催の植物フェス。多肉植物やガーデニング用品の販売。,https://www.fumakilla.co.jp/new/6926/,,past
aichi-plants-fes-vol1,AICHI植フェス Vol.1,2026-04-25,2026-04-26,2026.04.25-26,愛知,東海,すいとぴあ江南,即売会|大型,愛知県江南市で開催される植物フェスティバル。多種多様な植物の即売会。,,,past
botanical-market-akita-2026,ボタニカルマーケット,2026-04-25,2026-04-26,2026.04.25-26,秋田,東北,道の駅うご 端縫いの郷,即売会,秋田県の道の駅うごで開催されるボタニカルマーケット。多肉植物や観葉植物の販売イベント。,,,past
chinki-shokubutsu-ichiba-vol8-2026,珍奇植物市場 Vol.8,2026-04-25,2026-04-26,2026.04.25-26,沖縄,九州,西原さわふじマルシェ さわふじ広場,即売会,沖縄で開催される珍奇植物の即売会。アガベ・塊根植物・多肉植物など希少植物が集まる。,,,past
hobby-plants-freaks-vol5,Hobby Plants Freaks Vol5,2026-04-25,2026-04-26,2026.04.25-26,岡山,中国,ナガサコファーム,即売会,岡山県笠岡市で開催されるホビープランツのイベント。レアな植物が集まる。,,,past
our-plants-2-03,Our Plants ver.2.03,2026-04-25,2026-04-25,2026.04.25,京都,関西,梅小路公園内 緑の館,即売会,京都・梅小路公園で開催される植物即売会。珍奇植物や多肉植物が集まるイベント。,,,past
paludarium-collection-parcole-3rd-2026,第3回 パルダリウムコレクション パルコレ,2026-04-25,2026-04-26,2026.04.25-26,大阪,関西,Link! 近畿大学前,即売会,大阪府東大阪市で開催されるパルダリウム・植物コレクションイベント。珍奇植物やビバリウム関連の販売も。,,,past
tanushimaru-garden-shokuyo-osei-vol4-2026,田主丸ガーデン植物販売会 植欲旺盛 Vol.4,2026-04-25,2026-04-26,2026.04.25-26,福岡,九州,田主丸ガーデン駐車場,即売会,福岡県久留米市・田主丸ガーデンで開催される植物販売会。アガベ・多肉植物・珍奇植物の即売イベント。,,,past
wasshoi-marche,わっしょいマルシェ,2026-04-25,2026-04-25,2026.04.25,岐阜,東海,四国山香りの森公園 香りドーム,マルシェ,岐阜県山県市で開催されるマルシェ。植物や地域の特産品が揃うイベント。,,,past
yamaguchi-plants-market-2026,YAMAGUCHI PLANTS MARKET 2026,2026-04-25,2026-04-26,2026.04.25-26,山口,中国,ときわ公園 ときわミュージアム（山口県宇部市）,即売会,山口県最大の植物イベント第4回。32店舗が集結し、珍しい植物や作家鉢が並ぶ。,https://www.instagram.com/yamaguchi.plants.market,,past
chinki-shokubutsu-freemarket-machida-2026,珍奇植物フリーマーケット,2026-04-26,2026-04-26,2026.04.26,東京,関東,町田パリオ 4階,即売会,東京都町田市のパリオで開催される珍奇植物のフリーマーケット。アガベや塊根植物の個人売買が楽しめる。,,,past
kisarazu-cs-fair,KISARAZU C&S FAIR,2026-04-26,2026-04-26,2026.04.26,千葉,関東,スパークルシティ木更津,即売会,千葉県木更津市で開催されるカクタス&サボテンのフェア。サボテン愛好家が集結。,,,past
sippo-de-marche-fukushima-2026,シッポdeマルシェ,2026-04-26,2026-04-26,2026.04.26,福島,東北,四季の里 旧農村レストラン,マルシェ,福島県の四季の里で開催されるマルシェイベント。多肉植物や雑貨が集まる地域マルシェ。,,,past
the-plants-episode-9,THE PLANTS - Episode 9,2026-04-26,2026-04-26,2026.04.26,香川,四国,Gori House,即売会,香川県観音寺市で開催されるプランツイベント。珍奇植物の即売会。,,,past
tosa-muroto-cactus-8th-2026,土佐室戸サボテンクラブ 第八回展示会,2026-04-26,2026-04-26,2026.04.26,高知,四国,高知県室戸市内会場,即売会,土佐室戸サボテンクラブ主催のサボテン・多肉植物展示会。第八回目の開催。,,,past
petit-to-wonder-market-2026,petit to Wonder Market,2026-04-29,2026-04-29,2026.04.29,埼玉,関東,キヤッセ羽生,即売会,埼玉・キヤッセ羽生で開催される小さな植物マーケット。多肉植物や雑貨のマルシェイベント。,,,past
tanifes-vol6-asahikawa-2026,くうふくあったマルシェ 多肉FESTIVAL VOL.6,2026-04-29,2026-04-29,2026.04.29,北海道,北海道,,即売会,北海道・旭川の道の駅で開催される多肉植物フェスティバル第6回。北海道最大級の多肉植物即売イベント。,,,past
yokohama-flower-garden-fes-2026,横浜フラワー&ガーデンフェスティバル 2026,2026-05-02,2026-05-04,2026.05.02-04,神奈川,関東,パシフィコ横浜,大型|マルシェ|展示会,"パシフィコ横浜で開催。GREEN×EXPO 2027プレ企画。バラの展示・ガーデンデザイン・物販。前売¥1,600。",https://yfg-fes.jp/,,past
sumi-no-engei-2026-05-02,隅の園藝,2026-05-02,2026-05-02,2026.05.02,東京,関東,東京,即売会,東京で開催される植物販売イベント。アガベ・塊根植物・多肉植物を扱う。,,,past
fukuoka-green-party-6th-2026,第6回 福岡グリーンパーティー,2026-05-03,2026-05-04,2026.05.03-04,福岡,九州,志摩中央公園,即売会|マルシェ,福岡県糸島市・志摩中央公園で開催される園芸イベント第6回。「グリパ」の愛称で知られる屋外型植物マーケット。アガベ・塊根植物・多肉植物を扱う店舗とフード出店が集結。,https://www.instagram.com/p/DTH4ktKEhUq/,https://clip-magazine.com/wp-content/uploads/2026/04/topics2922.webp,past
plants-garage-market,Plants Garage Market,2026-05-03,2026-05-04,2026.05.03-04,大分,九州,,即売会,大分県津久見市で開催。アガベ・ビカクシダ・コーデックスなど珍奇植物の即売会。12時以降入場無料。,https://www.visit-oita.jp/events/detail/13493,,past
fujisan-festa,FUJISAN FESTA,2026-05-03,2026-05-03,2026.05.03,静岡,東海,,即売会,静岡県富士市で開催される大型植物フェスタ。多肉植物やサボテンが豊富。,https://www.fujisanmesse.com/,,past
picnic-garden-vol20-aobayama-2026,ピクニックガーデン vol.20 in 青葉山公園,2026-05-03,2026-05-03,2026.05.03,宮城,東北,青葉山公園,即売会|マルシェ,宮城県仙台市・青葉山公園で開催される多肉植物マルシェ第20回。キングプランツ主催で10店舗以上の多肉植物専門店が出店し、珍しい品種の販売やワークショップを開催。,https://www.instagram.com/picnic.king.plants/,,past
jiyugaoka-botanical-market-2026,Jiyugaoka Botanical Market,2026-05-04,2026-05-05,2026.05.04-05,東京,関東,自由が丘,即売会|マルシェ,自由が丘で開催されるボタニカルマーケット。多肉植物や観葉植物の販売イベント。,https://jiyugaoka.net/event/,,past
plant-freaks-special-2026-05,PLANT FREAKS Special,2026-05-04,2026-05-05,2026.05.04-05,東京,関東,オリナス錦糸町,即売会,塊根植物やアガベを中心とした珍奇植物の即売会。東京・錦糸町で開催されるPLANT FREAKSのスペシャル版。,https://www.instagram.com/plant_fks/,,past
kyoshokuranbu-tokyo-2026-05,狂植乱舞,2026-05-04,2026-05-05,2026.05.04-05,東京,関東,東京都墨田区太平4-1-2,即売会,東京・墨田区で開催されるアガベ・塊根植物・多肉植物の即売イベント。GW期間中の2日間開催。,https://daybook-botanical.com/xo_event/%e3%80%90%e6%9d%b1%e4%ba%ac%e3%80%91%e7%8b%82%e6%a4%8d%e4%b9%b1%e8%88%9e/,,past
shoku-sai-vol9-izumo-2026,植祭 vol.9,2026-05-05,2026-05-05,2026.05.05,島根,中国,飯塚農園（出雲市）,即売会,島根県出雲市・飯塚農園で開催される植物イベント第9回。多肉植物やアガベの即売会。,,,past
botanical-marche-kanazawa-2026,ボタニカルマルシェ金沢2026,2026-05-09,2026-05-09,2026.05.09,石川,北陸,金沢（会場未確定）,マルシェ,石川県金沢で開催されるボタニカルマルシェ。珍奇植物や多肉植物が揃うマルシェ。,,,past
coco-et-nico-bond-project-2026,COCO ET NICO presents Bond PROJECT,2026-05-09,2026-05-09,2026.05.09,千葉,関東,市原湖畔美術館,即売会|マルシェ,ココニコ主催のアート×多肉植物イベント。市原湖畔美術館の美しいロケーションで開催。,https://www.instagram.com/cocoetnico_aya/,,past
collect-plants-vol2,Collect Plants Vol.2,2026-05-09,2026-05-10,2026.05.09-10,熊本,九州,グランメッセ熊本,大型|即売会,"グランメッセ熊本で開催。約150店舗が出店する九州最大の植物イベント。前回は約5,000人来場。",https://collect-plants.com/event/,,past
sumi-no-engei-2026-05-09,隅の園藝,2026-05-09,2026-05-09,2026.05.09,東京,関東,東京,即売会,東京で開催される植物販売イベント。アガベ・塊根植物・多肉植物を扱う。,,,past
must-buy-market-okinawa-2026-05,MUST BUY MARKET!,2026-05-09,2026-05-10,2026.05.09-10,沖縄,九州,ESTINATE HOTEL,即売会,「植物と陶器と交流を楽しむ週末を♪」をテーマに ESTINATE HOTEL で開催される2日間の即売イベント。植物×陶器のコラボレーションを楽しめる。,https://www.instagram.com/luckplantsokinawa/p/DXtrGilFLLM/,,past
picnic-garden-vol21-is-new-base-2026,ピクニックガーデン vol.21 in I'S NEW BASE,2026-05-10,2026-05-10,2026.05.10,福島,東北,I'S NEW BASE（会津若松市）,マルシェ|即売会,福島県会津若松市のI'S NEW BASEで開催される植物マルシェ第21回。多肉植物や観葉植物の即売。,https://www.city.aizuwakamatsu.fukushima.jp/index_php/event_callen/show_callen.php,,past
enjoy-place-outside-tsukuba-2026,enjoy place outside,2026-05-16,2026-05-16,2026.05.16,茨城,関東,つくば中央公園,即売会|マルシェ,茨城県つくば市・つくば中央公園で2026年初開催の屋外マルシェ。植物・古道具・ガーデン雑貨など約102店が集結。植物ジャンル35店で多肉植物専門店も10店以上ラインナップ。雨天決行。,https://www.instagram.com/enjoy_place_outside,,past
fushimi-daisakusen-vol2,伏見大作戦 vol.2,2026-05-16,2026-05-16,2026.05.16,京都,関西,三谷商事株式会社 屋外スペース,即売会,京都・伏見で開催される植物即売会。地域の植物愛好家が集まるイベント。,,,past
saikiengei-fukuyama-marche-2026,SaikiEngei to 福山deマルシェ,2026-05-17,2026-05-17,2026.05.17,愛媛,四国,しまなみアースランド,マルシェ|即売会,愛媛県今治市・しまなみアースランドで開催される植物マルシェ。多肉植物・アガベが集まるイベント。,,,past
haru-cactus-succulent-yuriga-hara-2026,サボテン多肉植物展 春 (百合が原),2026-05-19,2026-05-24,2026.05.19-24,北海道,北海道,百合が原緑のセンター温室,展示会,札幌サボテンクラブ主催。展示と余剰苗の販売。園芸シーズンのはじまりでいちばん盛り上がるイベント。,https://www.instagram.com/sapporo.cactus.club/,,past
border-break-6th-2026,BORDER BREAK!! 6th,2026-05-23,2026-05-24,2026.05.23-24,大阪,関西,京セラドーム大阪 スカイホール,大型|即売会|展示会,京セラドーム大阪スカイホールにて。世界の熱帯植物が集結するトレードフェア。展示・販売・トーク。,https://no1plantae.com/,,past
greensnap-marche-hiroshima-2026,GreenSnap Marche HIROSHIMA 2026,2026-05-23,2026-05-24,2026.05.23-24,広島,中国,広島,マルシェ|即売会,GreenSnap主催の植物マルシェ広島版。植物・ガーデニング雑貨・ワークショップ・キッチンカーが集結。,https://greensnap.jp/event/,,past
haze-various-genres-marche-2026,HAZE -various genres marche,2026-05-23,2026-05-24,2026.05.23-24,茨城,関東,茨城県内会場,即売会,植物を含む多ジャンルのマルシェイベント。アガベ・塊根植物・多肉植物の販売も。,https://fmfm.jp/event/marche/saitama,,past
hosokawa-botafes-2026-spring,HOSOKAWA BOTAFES '26 spring,2026-05-23,2026-05-24,2026.05.23-24,大阪,関西,旧細河小学校,即売会|マルシェ,大阪府池田市細河地区の旧細河小学校で開催される春のボタニカルフェスティバル。植木職人による装飾と植物文化を主軸に、多肉植物・植木・マーケット出店などを楽しめる2日間のイベント。,https://botafes.jp/,,past
tenkaichi-2026,第6回 天下一植物界,2026-05-23,2026-05-24,2026.05.23-24,大阪,関西,京セラドーム大阪,大型|展示会|即売会,京セラドーム大阪にて。約75店舗が出店する大型植物即売会。ジャンルの垣根を超えた植物の祭典。,https://no1plantae.com/,,past
sumori-sai-vol36,スモリ祭 vol.36,2026-05-23,2026-05-24,2026.05.23-24,宮城,東北,スモリの家駐車場前 (ホームセンタームサシ名取店敷地内),マルシェ,両日合わせて50ブース。多肉植物・雑貨・食品・ワークショップなど盛りだくさん。,https://www.instagram.com/kokobanaankoh1/,https://cdn.goope.jp/85460/251028213934-6900b98623bc1.jpg,past
shoka-no-greencenter-matsuri-2026,初夏のグリーンセンターまつり,2026-05-23,2026-05-24,2026.05.23-24,埼玉,関東,川口市立グリーンセンター,マルシェ,川口市立グリーンセンター(埼玉県川口市新井宿700)の春恒例のまつり。植物販売・展示・園芸教室・各種ステージなど。,https://greencenter.1110city.com/calendar05.html,https://kawaguchi.goguynet.jp/wp-content/uploads/sites/51/2026/03/IMG_9886.jpeg,past
kyoto-midorino-marche-bangaihen-vol9,京都みどりのマルシェ 番外編vol.9,2026-05-23,2026-05-23,2026.05.23,京都,関西,トートひろば,マルシェ,京都みどりのマルシェ番外編vol.9。多肉植物・観葉植物・塊根植物の即売会マルシェ。,https://www.instagram.com/midorino_marche/,,past
isij-big-bazaar-2026-05-24,5月のサボテン・多肉植物ビッグバザール,2026-05-24,2026-05-24,2026.05.24,東京,関東,五反田TOCビル 13階,大型|即売会,ISIJ（国際多肉植物協会）主催のサボテン・多肉植物ビッグバザール。五反田TOCビル13階にて9:45開場予定。アガベ・コーデックスも多数出店。,http://isij.net/,,past
myoko-taniku-market-13th-2026,妙高多肉市場 13th,2026-05-24,2026-05-24,2026.05.24,新潟,北陸,道の駅あらい フィールド妙高,即売会,新潟県妙高市・道の駅あらいで毎月開催される多肉植物の即売会第13回。県内外の栽培家や園芸愛好家による多肉植物・雑貨販売とキッチンカーが集結。,https://www.instagram.com/_myoko_plants_market_/,,past
tanikudayo-zeninshugo-vol15-kanazawa-2026,第15回 多肉だヨ！全員集合 in 金沢,2026-05-29,2026-05-30,2026.05.29-30,石川,北陸,金沢港クルーズターミナル,即売会,金沢港クルーズターミナルで開催される多肉植物・雑貨の販売イベント。県内外から25店舗が集まり、夜市タイムやTANIKU WAVE ONLINEのライブ配信も実施。,https://www.instagram.com/tanikudayo.zeninsyuugou/,,past
botanical-botanical-tokyo-2026,BOTANICAL BOTANICAL TOKYO,2026-05-30,2026-05-31,2026.05.30-31,東京,関東,東京都内,即売会,東京で開催されるボタニカルイベント。多様な植物愛好家やショップが集まる即売会。,,,past
iku-matsuri-utsunomiya-2026,樹祭 in 宇都宮 2026,2026-05-30,2026-05-31,2026.05.30-31,栃木,関東,宇都宮市,即売会|大型,栃木県宇都宮市で開催される樹祭。アガベ・塊根植物・観葉植物のショップが出店する大型即売会です。,,,past
plants-garage-market-2026-spring,Plants garage market 2026 -SPRING & SUMMER-,2026-05-30,2026-05-31,2026.05.30-31,大分,九州,イリノベ倉庫,即売会|マルシェ,大分県津久見市のイリノベ倉庫で2日間開かれた植物即売イベント。アガベ・サボテン・コーデックス・ビカクシダなど、九州内外の店舗が出店した。植木鉢などの植物関連雑貨やフード出店も併設。Oita Plants Farm と vandaka plants の共同開催。,https://ilinobeclub.jp/archives/475,,past
rhythms-of-life-2026,Rhythms of Life,2026-05-30,2026-05-31,2026.05.30-31,愛知,東海,愛知県内,即売会,愛知県で開催される植物イベント。,https://festival-life.com/festival/area/tokai/aichi,,past
icchan-no-taniku-garden-okayama-2026,いっちゃんの多肉ガーデン,2026-05-30,2026-05-30,2026.05.30,岡山,中国,岡山市サウスヴィレッジ,即売会,ころん主催。岡山にまだ来たことがない方、遠方の方々を迎える多肉植物の即売会イベント。,https://www.instagram.com/koron_shop/,,past
marutto-shokubutsu-fes-fuchinobe-2026,まるっと植物fes!!,2026-05-30,2026-05-31,2026.05.30-31,神奈川,関東,淵野辺公園,即売会|マルシェ,相模原市淵野辺公園で開催される植物・雑貨・食のマルシェイベント。植物販売に加えてバルーンショーやウクレレ演奏など多彩なステージも楽しめます。雨天時は5月31日に順延。,https://www.instagram.com/maruttomarche_chihika/,,past
botanical-market-vol6-urasoe-2026,ボタニカルマーケットVol.6,2026-05-30,2026-05-31,2026.05.30-31,沖縄,九州,メイクマン浦添本店 1F催事場,即売会|マルシェ,メイクマン浦添本店で開催される植物イベント。多肉植物・観葉植物・雑貨のショップが集まり、陶芸体験やミニ盆栽づくり、盆栽相談会、キッチンカーも楽しめます。,https://makeman.co.jp/event/event-10904/,,past
fukui-botanical-marche-2026,福井ボタニカルマルシェ2026,2026-05-30,2026-05-31,2026.05.30-31,福井,北陸,福井総合植物園プラントピア,マルシェ|即売会,プラントピア開園記念日に合わせて年に1回開催される大型ボタニカルマルシェ。県内外から珍しい植物屋・雑貨屋・フード店が集結し、期間中は入園料無料。,https://www.fukui-bot.jp/event/,,past
kusa-paradise-vol9-shizuoka-2026,Kusa Paradise vol.9,2026-05-30,2026-05-30,2026.05.30,静岡,東海,ツインメッセ静岡 西館1F,即売会,ツインメッセ静岡 西館1Fで開催される植物イベント。静岡市での初開催で、観葉植物・アロイド・アンスリウムを中心に新規出店者も加わる。,https://www.instagram.com/kusa_bito/,,past
green-breeze-fes-vol3,GREEN BREEZE FES vol.3,2026-05-31,2026-05-31,2026.05.31,和歌山,関西,本町公園,マルシェ|即売会,和歌山市の本町公園で開催されるグリーンイベント第3弾。植物販売やワークショップを楽しめます。,https://green-flash-fes.com/,,past
eternal-plants-built-to-survive-gunma-2026,ETERNAL PLANTS BUILT TO SURVIVE,2026-05-31,2026-05-31,2026.05.31,群馬,関東,前橋公園,即売会,多肉植物やドライガーデン向けの植物の販売イベント。主催: gunma.parryi_freaks。,https://www.instagram.com/gunma.parryi_freaks/,,past
botanoichi-senju-2026-05,ボタの市 (千住本氷川神社),2026-05-31,2026-05-31,2026.05.31,東京,関東,千住本氷川神社,マルシェ,過去最大組数の出店者と共に開催。多肉植物・観葉植物の即売マルシェ。,https://www.instagram.com/botanoichi/,,past
iwate-hana-midori-matsuri-2026,花と緑のまつり,2026-06-05,2026-06-07,2026.06.05-07,岩手,東北,岩手,即売会|マルシェ,岩手で開催される花と緑の祭り。植物販売会。,https://www.city.hanamaki.iwate.jp/kurashi/kankyo/hanaippai/1013528.html,,past
greensnap-marche-toyosu-2026,GreenSnap Marche 豊洲 2026,2026-06-06,2026-06-07,2026.06.06-07,東京,関東,豊洲公園,マルシェ|即売会,GreenSnap主催の植物マルシェ豊洲版。植物・ガーデニング雑貨・ワークショップ・キッチンカーが集結。,https://greensnap.jp/event/events/greensnap-marche-toyosu-2026/,https://d3pbyuzcd27kd.cloudfront.net/wp-content/uploads/sites/14/2026/03/08110506/ef304036cec889dddaa64a607e22a7816.png,past
green-days-matsuyama-vol3-2026,GREEN DAYS まつやま vol.3,2026-06-06,2026-06-07,2026.06.06-07,愛媛,四国,松山城山公園（堀之内）,マルシェ,松山城山公園で初の2日間開催となるマーケットイベント。植物を中心にアウトドア、雑貨、フードまでライフスタイルを楽しめる内容で展開されます。,https://www.instagram.com/greendays_matsuyama/,,past
agave-cross-2026-06,AGAVE CROSS 2026,2026-06-06,2026-06-07,2026.06.06-07,大阪,関西,FUN SPACE DINER,即売会|アガベ,関西最大級のAgaveの祭典。国内販売者と海外ナーセリーが集結する大型即売会。,,,past
jungle-marche-flarie-2026,ジャングルマルシェ2026,2026-06-06,2026-06-07,2026.06.06-07,愛知,東海,久屋大通庭園フラリエ,マルシェ|即売会,名古屋・久屋大通庭園フラリエで開催されるマルシェ。観葉植物・塊根植物・多肉植物や植物雑貨、キッチンカーが集まる2日間。,https://www.flarie.jp/news/jungle-marche-2026.html,,past
wi-wi-botanical-minokamo-2026-06,Wi-Wi BOTANICAL,2026-06-06,2026-06-07,2026.06.06-07,岐阜,東海,River Port Park Minokamo,マルシェ,岐阜県美濃加茂市のRiver Port Park Minokamoで開催される植物マルシェ。植物・フード・雑貨・アパレルなど多彩な店舗が会場に並ぶ。入場無料。,https://www.instagram.com/wi_wibotanical/,,past
miuraengei-rare-aroid-2026-06,三浦園芸 レアアロイド即売会,2026-06-06,2026-06-06,2026.06.06,福岡,九州,GHB Fukuoka Effect,即売会,三浦基彰氏が店頭に立ち、希少な斑入り品種・アロイド系レア植物を限定販売する即売会。アロイドグッズや植物ガチャも実施予定。,https://www.instagram.com/fukuoka_effect/,,past
happy-joyful-hitachinaka-2026-06,Happy Joyful,2026-06-06,2026-06-06,2026.06.06,茨城,関東,ジョイフル本田ひたちなか店 無印良品前駐車場,マルシェ|即売会,ジョイフル本田ひたちなか店で開催される多肉と雑貨のマルシェ。多肉植物の生産農家や雑貨メーカーが多数出展する、多肉植物好きのための祭典。アガベ・塊根植物・多肉植物のショップが集まる即売イベント。入場無料・雨天決行。会場が混雑する場合は入場制限がかかる場合あり。,https://event.joyfulhonda.com/single-exp.php?id=12921&store=hitachinaka,,past
botanic-bomb-10th-kyoto-2026,BOTANIC BOMB 10TH（ボタニックボム）,2026-06-07,2026-06-07,2026.06.07,京都,関西,三段池公園,即売会,京都府福知山市・三段池公園で開催される植物イベント第10回。アガベ・多肉・珍奇植物が集まる即売会。,https://botanicbomb.studio.site/,https://storage.googleapis.com/production-os-assets/assets/59591668-3358-4ea8-8567-0b89a9be91e2,past
himeji-kisotengai-shokubutsuichi-2026,姫路城 奇草天外な植物市,2026-06-07,2026-06-07,2026.06.07,兵庫,関西,姫路城,即売会,姫路城で開催される珍奇植物の即売会。アガベ・塊根植物等を販売。,https://www.himeji-kanko.jp/event/1620/,,past
botariba-toyohashi-2026-06,ボタり場 2026 初夏,2026-06-07,2026-06-07,2026.06.07,愛知,東海,『魅緑』ハウス（旧魅緑ハウス内）,即売会,豊橋市の旧魅緑ハウスで開催されるアガベ・塊根植物・多肉植物などの珍奇植物販売イベント。10:00〜16:00、入場無料・雨天決行。複数の出店者が集結する。,https://www.instagram.com/botariba.event/,,past
agavista-vol2-matsuyama-2026-06,AGAVISTA vol.2 2026,2026-06-07,2026-06-07,2026.06.07,愛媛,四国,シカ(sika),即売会|アガベ|塊根植物,松山で開催されるアガベと塊根植物の販売企画。,https://jpn.sika.com/ja/media/media-releases/2026.html,,past
aroid-chakusei-saiten-yashima-2026-06,アロイドと着生植物の祭典,2026-06-07,2026-06-07,2026.06.07,香川,四国,西村ジョイ 屋島店,即売会|アロイド|着生植物,URBAN JUNGLEとワールドプラザが出店するアロイド・着生植物の専門イベント。,,,past
collection-plants-miuraengei-yukuhashi-2026-06,COLLECTION PLANTS production by miuraengei 2026,2026-06-07,2026-06-07,2026.06.07,福岡,九州,ゆくはし植物園,即売会|アロイド|珍奇植物,三浦基彰氏がアロイド系レア植物を限定販売。,https://takez.jp/kanto-engei-event-calendar-2026/,https://takez.jp/wp-content/uploads/2026/01/IMG_5611.jpeg,past
gamagori-taniku-festa-wakayama-2026-06,第3回 がまごおり多肉フェスタ in和歌山,2026-06-07,2026-06-07,2026.06.07,和歌山,関西,産直市場よってって南紀の台店,即売会|多肉植物,産直市場よってって南紀の台店で開催される多肉植物イベント。室内開催で雨でも安心。GIFT券プレゼントや抽選会、じゃんけん大会など企画多数。入場無料。,https://www.instagram.com/gamagori_taniku_festa/,,past
botanical-yokocho-2026-06,ボタニカル横丁（2026年6月）,2026-06-07,2026-06-07,2026.06.07,東京,関東,千住本氷川神社,即売会|珍奇植物,北千住の千住本氷川神社で定期開催される珍奇植物の即売・交流イベント。塊根植物や多肉植物など多彩な植物系出店者が集まる。,https://www.instagram.com/botayoko/,,past
sakuya-konohana-cactus-succulent-euphorbia-2026-06,サボテン・多肉植物展 ーユーフォルビア属ー,2026-06-11,2026-06-14,2026.06.11-14,大阪,関西,咲くやこの花館,展示会|即売会,咲くやこの花館で開催。今年のテーマは「ユーフォルビア属」。サボテン・多肉植物の展示に加え、期間中の土日には専門店による販売会も予定。,https://www.sakuyakonohana.jp/event/22013/,,past
wako-jurin-unique-plants-2026-06,エミパーク和光樹林 ゆにーくしょくぶつ販売会,2026-06-13,2026-06-14,2026.06.13-14,埼玉,関東,埼玉県営和光樹林公園,即売会,南駐車場横の芝生エリアで開催。ビカクシダ・観葉・多肉・食虫植物・サボテン・塊根植物などを販売、キッチンカーも出店。少雨実施・荒天中止。,https://www.seibu-green.co.jp/wako-jurin/event/2026050316455312458.html,https://asaka-wako.goguynet.jp/wp-content/uploads/sites/85/2026/05/IMG_0477.jpg,past
plants-jamboree-2026-06,PLANTS JAMBOREE 2026,2026-06-13,2026-06-14,2026.06.13-14,埼玉,関東,シマムラ園芸 第二駐車場横ハウス内,即売会,アガベ・塊根植物・古典園芸・ビカクシダなど植物専門出店者が集結する2日間の園芸祭。シマムラ園芸で毎年6月に開催される定例イベント。,https://www.instagram.com/plants_jamboree/,,past
botanical-break-natori-2026-06,BOTANICAL BREAK 2026,2026-06-13,2026-06-14,2026.06.13-14,宮城,東北,スモリの家中庭,即売会|塊根植物|アガベ,塊根植物やアガベなど希少植物の出店者が名取に集結。,https://kuro-shiba.net/succulentplant-043/,,past
shokusai-kakegawa-2026-06,植祭 植物で暮らしを楽しくする,2026-06-13,2026-06-14,2026.06.13-14,静岡,東海,ミソラタウン掛川,即売会|アガベ|塊根植物,アガベや塊根植物の販売とキッチンカーが集結する静岡の植物イベント。,,,past
gunma-cactus-shikishima-2026-06,多肉植物サボテン展示即売会 in 敷島公園バラ園 2026,2026-06-13,2026-06-13,2026.06.13,群馬,関東,敷島公園 門倉テクノばら園,即売会|多肉植物|サボテン,群馬カクタスクラブによる多肉植物・サボテンの展示と即売会。,,,past
koumori-ran-no-ichi-vol4-2026-06,第4回 蝙蝠蘭の市,2026-06-13,2026-06-14,2026.06.13-14,福島,東北,SPROUT BRITOMART店,即売会|ビカクシダ,福島県三春町のSPROUT BRITOMART店で開かれたビカクシダ(コウモリラン)の市の第4回。展示販売に加えて板付け体験のワークショップを実施。会場は店舗入り口左のバレルサウナ横で、悪天候時は店舗内に切り替えて開催された。主催はSPROUT。,https://www.instagram.com/sprout_2010817/,https://rstatic.enjoytokyo.jp/assets/images/event/43/2002278/img_1.jpg?1776751430&p=t&w=1200,past
kominka-saboten-openhouse-2026-06,古民家さぼてんオープンハウス,2026-06-13,2026-06-13,2026.06.13,千葉,関東,古民家さぼてん（市原市瀬又）,即売会,千葉県市原市の古民家「さぼてん」で開催される、サボテン・多肉植物を中心としたオープンハウス。,https://www.instagram.com/kominkasaboten/,,past
spine-note-shimonoseki-2026-06,SPINE NOTE,2026-06-13,2026-06-14,2026.06.13-14,山口,中国,AnvireNote,即売会,山口県下関市のAnvireNoteで開催される、アガベ・塊根植物・ビカクシダなどの専門店が集まる植物×カルチャーイベント。,https://www.instagram.com/spine_note_official/,,past
uomachi-botanical-night-market-2026-06,魚町ボダニカルナイトマーケット,2026-06-13,2026-06-14,2026.06.13-14,福岡,九州,魚町みらい広場,マルシェ,日時：2026年6月13日（土）12:00～21:00・6月14日（日）11:00～17:00 会場：魚町みらい広場 日常に、野生を。 人気のアガベを中心に、ビカクシダ、アロイド・ディッキアといった個性豊かな植物が勢揃い。さらに、植物ファン必見の作家物の鉢や、機能的でおしゃれな園芸グッズも多数並びます。,https://uomachi-mirai.com/news/417/,,past
plants-plants-sapporo-2026-06,プランツ×プランツ,2026-06-13,2026-06-14,2026.06.13-14,北海道,北海道,ガーデニングショップマイン 大温室,マルシェ,札幌市のガーデニングショップマイン大温室で開催される、北海道の育成家・ショップによる植物の展示販売・オークション・トレード会。,https://decks.jp/plantsplants/,,past
reggio-popup-shiga-2026-06,REGGIO POP UP SHOP in SHIGA,2026-06-13,2026-06-14,2026.06.13-14,滋賀,関西,doo-bop（草津市）,即売会,佐賀の植物店REGGIOによるポップアップ。アガベ・サボテン・パキポディウムなど塊根・珍奇植物の即売とコーヒー販売。,https://www.doo-bop.com/reggio-pop-up-shop/,https://www.doo-bop.com/wp-content/uploads/2026/05/c077077a3da5e9981120c90d641a453f.jpg,past
sogawa-street-spine-2026-06,SOGAWA STREET SPINE,2026-06-14,2026-06-14,2026.06.14,富山,北陸,総曲輪BASE,即売会,富山市の総曲輪BASEで開催される、全国のアガベ・塊根植物の出店者が集う北陸の植物カルチャーイベント。,https://www.instagram.com/sogawa_street_spine/,,past
botanical-wagon-vol2-ami-2026-06,ボタニカルワゴン vol.2,2026-06-14,2026-06-14,2026.06.14,茨城,関東,四国造園,マルシェ,茨城県阿見町の四国造園で開催される、多肉・アガベ・ハオルチアなどの専門店が集うマルシェ形式の植物販売会の第2回。,https://www.instagram.com/shikokuzouen/,,past
planchu-marche-vol1-yomitan-2026-06,ぷらんちゅマルシェ vol.1,2026-06-14,2026-06-14,2026.06.14,沖縄,九州,読谷村字上地101-1（イオンタウン読谷座喜味近く）,マルシェ,あむぷらんつ主催のゆるいアガベイベント。初心者向けアガベ販売、持ち寄り株の交換、育成相談などを楽しめる。,https://www.instagram.com/p/DZKWZ8Akz9h/,,past
mini-soransai-june-2026,ミニ草乱祭（6月）,2026-06-20,2026-06-21,2026.06.20-21,埼玉,関東,シマムラ園芸 第2ハウス,即売会,埼玉県越谷市のシマムラ園芸で開催されるアガベ・多肉植物の即売会。入場無料。,https://soransai.com/,,past
hachimon-plants-festa-5th-ueda-2026-06,第5回 鉢もん植物フェスタ & frillマルシェ,2026-06-20,2026-06-21,2026.06.20-21,長野,北陸,カクイチA-SITE上田店,即売会|マルシェ,長野県上田市のカクイチA-SITE上田店で開催。多肉植物・アガベ・チランジア・塊根植物などの販売に加え、ハンドメイド雑貨・ワークショップ・フードも楽しめる2日間。,https://www.instagram.com/hachimonplantingmarket/,https://www.tobu-dept.jp/files/event/8861/smn_260617_konahaku.jpg,past
ohana-de-marche-chiyo-2026-06,オハナdeマルシェ,2026-06-20,2026-06-21,2026.06.20-21,奈良,関西,オハナガーデン千代店,マルシェ|即売会,オハナガーデン千代店で開催される多肉植物とガーデン雑貨のマルシェ。クレイ多肉やワークショップも楽しめる2日間。,https://www.instagram.com/ohana._.garden/,,past
kisarazu-engei-yoichi-2026-06,木更津園芸夜市,2026-06-20,2026-06-20,2026.06.20,千葉,関東,木更津市金田地域交流センター（きさてらす）,即売会,夕方から夜にかけて開催される多肉植物・サボテン中心の夜市。1000円以下の苗や在庫整理品などお買い得品が並ぶ。,https://www.instagram.com/chiba_c_and_s_association/,,past
aichin-shokusai-2026,愛珍植祭2026,2026-06-21,2026-06-21,2026.06.21,愛知,東海,刈谷市産業振興センター あいおいホール,即売会,珍奇植物・アガベ・塊根植物などビザールプランツが集結する刈谷の植物即売会。入場無料・刈谷駅から徒歩圏内。,https://www.facebook.com/p/%E6%84%9B%E7%8F%8D%E6%A4%8D%E7%A5%AD-61550067686678/,,past
asamiya-tanikusai-2026-06,あさみやin「多肉祭」,2026-06-21,2026-06-21,2026.06.21,茨城,関東,雑貨のお店 あさみや,即売会,茨城県東海村の「あさみや」で開催される、多肉植物専門店や雑貨・キッチンカーが集まる多肉祭（第6回）。,https://www.instagram.com/asamiya.hiromi/,,past
mr-plants-market-niigata-2026-06,Mr. Plants Market 2026,2026-06-21,2026-06-21,2026.06.21,新潟,北陸,いくとぴあ食花,即売会,新潟市のいくとぴあ食花で開催される、レアプランツ販売や品評会を行う植物即売イベント。,https://www.instagram.com/mr.plants.market/,,past
jungle-caravan-hokkaido-2026-06,JUNGLE CARAVAN — HOKKAIDO —,2026-06-21,2026-06-21,2026.06.21,北海道,北海道,ブランチ札幌月寒,即売会,札幌市・ブランチ札幌月寒で開催される、個性的な植物やテラリウムを楽しめる入場無料の植物イベント。,https://www.branch-sc.com/tsukisamu/shop/pop-eventnews.jsp?id=7945,,past
myoko-taniku-market-14th-2026,妙高多肉市場 vol.14,2026-06-21,2026-06-21,2026.06.21,新潟,北陸,フィールド妙高（道の駅あらい東側）,即売会|マルシェ,多肉植物を中心に陶器鉢・リメ缶・ガーデン雑貨が並ぶ妙高の即売イベント第14回。,https://www.instagram.com/_myoko_plants_market_/,,past
on-the-deck-3rd-2026-06,On The Deck 3rd,2026-06-21,2026-06-21,2026.06.21,兵庫,関西,sunny drop,即売会,兵庫県加東市のsunny dropで開催される植物販売イベント。アガベ、アロエ、塊根植物、エケベリア、サボテン、ハオルチアなどが集まる。,https://www.instagram.com/_sunnydrop_/,,past
taniku-sukijaken-ichi-3rd-2026-06,第3回 多肉すきじゃけん市,2026-06-21,2026-06-21,2026.06.21,広島,中国,道の駅 湖畔の里 福富 多目的ホール,即売会,広島県東広島市の道の駅「湖畔の里 福富」多目的ホールで開かれた多肉植物の即売会の第3回。11時から15時30分まで。主催はたにくるうむ。中国地方の多肉植物店や趣味家が出店し、苗や鉢を販売した。,https://www.instagram.com/ta29sukijaken_ichi/,,past
kyoujinkai-rakuichi-2026-06,狂人会楽市,2026-06-21,2026-06-21,2026.06.21,埼玉,関東,むさしの村さくらホール,即売会,日本サボテン狂人会主催の即売会。サボテンを中心にハオルチア、パキポディウム、アガベ、アロエなどが並ぶ。入場・駐車無料。,https://www.instagram.com/kyoujinkai/,,past
hankyu-green-expo-2026,Hankyu GREEN EXPO 阪急植物博覧会 2026,2026-06-24,2026-06-29,2026.06.24-29,大阪,関西,阪急うめだ本店 9階祝祭広場,大型|即売会,阪急うめだ本店で初開催の植物博覧会。珍奇植物・食虫植物を含む国内有力店が集結し、観察教室やトークショーも開催。,https://prtimes.jp/main/html/rd/p/000002989.000014431.html,,past
sendai-agave-shop-vol2,仙台竜舌露店 Vol.2,2026-06-27,2026-06-27,2026.06.27,宮城,東北,虹色路店前 ガレージスペース,マルシェ,宮城県仙台市で開催されるアガベやリュウゼツランの専門マルシェ。,,,past
nagasaki-plants-classic-2026-06,NAGASAKI PLANTS CLASSIC,2026-06-27,2026-06-28,2026.06.27-28,長崎,九州,NAGASAKI PLANTS CLASSIC 特設会場（雲仙市国見町）,即売会,長崎県雲仙市で開催される、観葉・多肉・塊根・盆栽など幅広い植物が集まる大型植物イベント。,https://www.instagram.com/nagasaki.plants.classic/,,past
bop-with-needles-nagoya-2026-06,B.O.P with NEEDLES,2026-06-27,2026-06-28,2026.06.27-28,愛知,東海,坪井健樹園,展示会,名古屋市の坪井健樹園で開催される、国内外のブリーダーによるブロメリアの展示販売イベント。,https://www.instagram.com/tsuboikenjuen/,,past
minori-kaboku-cactus-agave-2026-06,サボテン・アガベ・多肉・塊根植物 展示即売会（みのり花木センター）,2026-06-27,2026-06-28,2026.06.27-28,栃木,関東,みのり花木センター インターパーク店,即売会,栃木県宇都宮市のみのり花木センターで開催される、サボテン・アガベ・多肉・塊根植物の展示即売会。,https://www.instagram.com/minori_kaboku_interpark/,,past
fuji-taniku-plants-marche-2026-06,富士多肉プランツマルシェ,2026-06-27,2026-06-27,2026.06.27,静岡,東海,啓芳園,即売会,静岡県富士宮市の啓芳園で開催される多肉植物の即売マルシェ。販売会は10:00から、競り会は14:00から。,https://www.instagram.com/fuji_taniku/,,past
ennichi-gaiden-okayama-2026-06,園日 外伝,2026-06-28,2026-06-28,2026.06.28,岡山,中国,熊山英国庭園,即売会,岡山県赤磐市の熊山英国庭園で開催される、パキポディウムやサボテン実生をテーマにした即売イベント「園日」の外伝企画。,https://www.instagram.com/westsaboten.misyonokai/,,past
ordinary-garden-hikarudo-2026-07,ORDINARY『GARDEN』,2026-07-03,2026-08-02,2026.07.03-08.02,愛知,東海,ordinary（愛知県稲沢市）,即売会,稲沢市のセレクトショップordinaryで開催される出張植物屋・光堂の初の実店舗販売。パキポディウム・グラキリスやアガベ・チタノタなど珍奇植物が約1ヶ月間並ぶ（火曜定休、11:00-19:00）。,https://www.instagram.com/hikarudo.___/,,past
natsu-cactus-succulent-fair-sapporo-2026,サボテン多肉植物フェア 夏 (札幌),2026-07-03,2026-07-05,2026.07.03-05,北海道,北海道,花のとびつか,即売会,札幌サボテンクラブ主催。余剰苗の販売、恒例のセリ会あり。,https://www.instagram.com/sapporo.cactus.club/,,past
yogoshiyama-taniku-matsuri-2026-07,多肉植物まつり2026（夜越山）,2026-07-04,2026-07-12,2026.07.04-12,青森,東北,夜越山森林公園,即売会,多肉植物の展示・販売会にリメイク鉢やガーデン雑貨も並ぶ。週末ごとにゲスト出店者が入れ替わり、寄せ植え体験なども楽しめる。,https://www.instagram.com/hakuhoen_enchou/,,past
kyoto-midori-marche-bangaihen-natsumatsuri-2026-07,番外編の番外編 夏祭り,2026-07-04,,2026.07.04,京都,関西,TauT 阪急洛西口,マルシェ|即売会,京都みどりのマルシェの夏特別編。サボテン・多肉植物系を中心とした個性派出店者が集合するマーケット。,https://www.instagram.com/midorino_marche/,https://fs.tour.ne.jp/index.php/file_manage/view/?contents_code=curation&file_name=497/55907/bdb6e9a7cc3caa260ce599129a79de2f.jpg,past
hentai-shokubutsu-fes-vol0-atc-2026-07,変態植物倶楽部FES Vol.0,2026-07-04,2026-07-05,2026.07.04-05,大阪,関西,ATCホール,即売会|珍奇植物,ATCホールで初開催の珍奇植物マーケット。約20店の専門ショップが集結。,https://www.tv-osaka.co.jp/event/reptiles2026/project/,,past
rekishi-domannaka-chokkyu-shokubutsu-2026-07,第3回 歴史ど真ん中～直球植物～古都の宴,2026-07-04,2026-07-05,2026.07.04-05,京都,関西,京都市勧業館 みやこめっせ,即売会,オーキッド＆ボタニカル主催、京都・みやこめっせで開催される植物即売イベント「歴史ど真ん中〜直球植物〜古都の宴」の第3回。,https://h27664.wixsite.com/orchidbotanical/en/blank-4/dai3kai-rekishidomannaka-chokkyushokubutsu-kotonoutage,"https://static.wixstatic.com/media/4c353f_09240e3e2f8c42c59beaa6a7ceb90d40~mv2.jpg/v1/fill/w_1024,h_1500,al_c,q_85/4c353f_09240e3e2f8c42c59beaa6a7ceb90d40~mv2.jpg",past
okhotsk-taniku-festival-vol2-2026-07,オホーツク多肉Festival 2026 vol.2,2026-07-05,2026-07-05,2026.07.05,北海道,北海道,端野石倉交流センター,即売会,北見初開催。北海道各地から多肉植物や陶器鉢・リメ鉢・リメ缶などの出店者が集まる多肉イベント。,https://www.instagram.com/hashisiruku/,,past
taniku-matsuri-iwami-2026-07,多肉祭りin石見,2026-07-05,2026-07-05,2026.07.05,島根,中国,道の駅ゆうひパーク浜田,即売会,島根県サボテン多肉植物の会の趣味家による展示販売会。サボテン・多肉植物・アガベ・塊根植物の株が並ぶ。,https://www.instagram.com/d.plants.s/,,past
mollis-exhibit-kinto-2026,MOLLIS EXHIBIT 2026,2026-07-10,2026-08-27,2026.07.10-08.27,東京,関東,KINTO STORE Tokyo（中目黒）,展示会,KINTOが手がける植物ブランドMOLLISは、MOLLIS EXHIBIT 2026を滋賀・東京の2箇所で開催します。滋賀会場は滋賀県・彦根市のKINTO本社からほど近いKINTO FARM、東京会場は東京・中目黒のKINTO STORE Tokyoです。KINTO FARMにあるMOLLISの自社農園は、今回初めて一般公開を行います。詳しくはMOLLISのウェブサイトよりご覧ください。みなさまのご来場を心よりお待ちしております。,https://kinto.co.jp/blogs/news/mollis-exhibit-2026,https://cdn.shopify.com/s/files/1/0087/4073/2986/files/kinto-mainimage.jpg,past
plant-freaks-vol6-2026-07,PLANT FREAKS vol.6,2026-07-10,2026-07-11,2026.07.10-11,東京,関東,オリナス錦糸町,即売会,塊根植物・アガベ・多肉植物・ハオルチア・ビカクシダが集まる「狂喜的な植物即売会」第6回。入場無料。,https://www.instagram.com/plant_fks/,,past
botanical-botanical-kashima-2026-07,BOTANICAL BOTANICAL KASHIMA,2026-07-11,2026-07-12,2026.07.11-12,茨城,関東,メルカリスタジアム（カシマサッカースタジアム）,即売会,アガベ・塊根植物・多肉植物などのビザールプランツに作家鉢やアパレル、フードも揃う植物とライフスタイルのフェス。,https://www.instagram.com/botanical.botanical/,,past
jiyu-kusaichi-vol1-shiga-2026-07,自由草市 connecting smiles VOL.1 滋賀,2026-07-11,2026-07-12,2026.07.11-12,滋賀,関西,BORN FREE MEGA STORE 本店,即売会,サボテン・アガベ・ビカクシダが集まる入場無料の園芸イベント。コレクション植物や鉢の販売、フード出店も。,https://www.instagram.com/yugo.black/,,past
green-dayz-higashikawa-2026-07,GREEN DAY'Z in HIGASHIKAWA,2026-07-11,2026-07-12,2026.07.11-12,北海道,北海道,せんとぴゅあⅠ,マルシェ,盆栽・水石・作家鉢からアガベ・多肉植物・塊根植物まで集まる屋内外植物イベント第2弾。キッチンカーや青空フリーマーケットも。,https://www.instagram.com/green_days2026/,https://mazasse.com/cms3/wp-content/uploads/2026/05/Document_20260510_0001-scaled-e1778401671604.jpg,past
isij-big-bazaar-2026-07-12,7月のサボテン・多肉植物ビッグバザール,2026-07-12,2026-07-12,2026.07.12,東京,関東,五反田TOCビル 13階,大型|即売会,ISIJ（国際多肉植物協会）主催のサボテン・多肉植物ビッグバザール。五反田TOCビル13階で開催される夏の定例即売会。,http://isij.net/,https://midori-no-nikki.com/wp-content/uploads/2023/09/アガベ：覇王竜-1-scaled.jpg,past
bingo-botanical-base-vol1-fukuyama-2026-07,BINGO BOTANICAL BASE vol.1,2026-07-12,2026-07-12,2026.07.12,広島,中国,iti SETOUCHI,即売会|珍奇植物,全国各地の植物とGOODS・FOODが福山のiti SETOUCHIに集結。,,,past
plants-hobbyist-niigata-2026-07,Plants Hobbyist,2026-07-12,2026-07-12,2026.07.12,新潟,北陸,いくとぴあ食花展示館,即売会,新潟市のいくとぴあ食花で開催される、多肉・サボテン・食虫植物など多ジャンルの植物愛好家が集う入場無料の即売会。,https://www.instagram.com/p/DYzZjhGD92z/,,past
agave-popup-market-nagoya-2026-07,Agave Pop up market,2026-07-12,2026-07-12,2026.07.12,愛知,東海,ライオンズマンション栄911（名古屋・栄）,即売会,名古屋・栄で開催されるアガベの即売イベント。販売者・趣味家・実生家が集まり、オンリーワンな株を探せるポップアップマーケット。,,,past
wild-green-jam-vol3-2026-07,WILD GREEN JAM VOL.3,2026-07-12,2026-07-12,2026.07.12,兵庫,関西,珍奇植物・観葉植物専門店 joy grove（明石）,マルシェ,joy grove店内で開催される植物・雑貨・アートの1日マーケット。アガベ、ユーフォルビア、ビカクシダ、ディッキアなどが並ぶ。,https://www.instagram.com/joy_grove_0501/,https://image.jimcdn.com/app/cms/image/transf/none/path/sbd16b4486a4e4022/image/ic356ca1a08dd9cd3/version/1707308530/image.jpg,past
green-days-amu-oita-2026-07,GREEN DAYS at AMU,2026-07-17,2026-07-20,2026.07.17-20,大分,九州,アミュプラザおおいた 1階イーストガーデン,即売会|ビカクシダ,ビカクシダ専門店 vandaka plants による4日間の展示販売。予約制の板付けワークショップ（7/18・19）も開催。,https://www.vandaka-plants.com/,,past
seedpot-summer-fair-2026,Seedpot Summer Fair 2026,2026-07-17,2026-07-19,2026.07.17-19,茨城,関東,小島舎Seedpot温室,即売会|着生植物|珍奇植物,"Seedpotは、25,000種以上ある洋蘭の中から厳選された品種を取り扱う店舗です。カトレヤやデンドロビウムなどの多彩な品種を取り揃え、植物を育てる楽しさを知る私たちが、初心者から上級者まで、それぞれの環境に合った植物選びをサポートします。栽培アドバイスや講習会を通じて、植物の魅力と育てる喜びをお伝えしています。色彩豊かな花々や香り、驚くべき生命力をぜひ体験してください。",https://x.com/Seedpot_,https://pbs.twimg.com/media/HHMjnx5aoAAKQZh.jpg:large,past
shokuchu-tokubetsu-tenji-flowercenter-2026-07,食虫植物特別展示,2026-07-18,2026-08-25,2026.07.18-08.25,兵庫,関西,兵庫県立フラワーセンター 大温室,展示会,兵庫県立フラワーセンターの大温室（ラン室・食虫植物室）で開催される夏恒例の食虫植物特別展示。鮮やかな食虫植物をじっくり観察できる。,https://flowercenter.jp/booth_event/3792,https://flowercenter.jp/wp/wp-content/uploads/2019/01/P7229414-1024x768.jpg,past
botanical-market-mie-2026-07,BOTANICAL MARKET MIE vol.last,2026-07-18,2026-07-20,2026.07.18-20,三重,東海,三重明和インキュベーションセンター（ブライトガーデン明和内）,即売会|マルシェ,アガベ・多肉植物・塊根植物・ビカクシダの出店に雑貨やキッチンカーも並ぶボタニカルマーケット。同会場での開催はラストの回。,https://www.instagram.com/botanical.market.mie/,,past
townpal-commons-ishigaki-2026-07,珍奇植物イベント「本屋はもっと、楽しくなる」,2026-07-18,2026-07-25,2026.07.18-25,沖縄,九州,TOWNPAL COMMONS（タウンパルやまだ）,即売会|珍奇植物,石垣島の書店交流スペースで開催される珍奇植物の展示販売。塊根植物のJITSU PLANTSとアガベのISLAND AGAVEが出店し、関連本の選書コーナーも。,https://www.instagram.com/yamada_ishigaki/,,past
tropical-fes-kanazawabunko-2026-07,トロピカルフェス 2026,2026-07-18,2026-07-19,2026.07.18-19,神奈川,関東,グリーンファーム金沢本店,即売会,横浜・金沢文庫の園芸店で開催される店内フェス。観葉植物・多肉植物・塊根植物・エアプランツと植物雑貨が集まり、植物系ゲストの来店企画も。,https://www.instagram.com/greenfarmkanazawa/,https://image.pia.jp/images/202511/202511300001_ex.jpg,past
sakura-night-marche-2026-07,ナイトマルシェ（さくら植物園）,2026-07-18,2026-07-18,2026.07.18,千葉,関東,さくら植物園,マルシェ,サボテン・多肉植物を扱う佐倉市の植物園で開かれる夕方からのナイトマルシェ。植物販売のほかキッチンカーやワークショップも。,https://www.instagram.com/sakura_shokubutsuen/,,past
nagasaki-bizarre-meetup-6th-2026-07,NAGASAKI BIZARRE MEET UP THE 6TH TIME,2026-07-19,2026-07-20,2026.07.19-20,長崎,九州,いわばえガーデン（ゴルフレンジ フォーシーズンズ内）,即売会,ビザールプランツを中心にこだわりの植物と鉢が並ぶ販売会第6回。ビカクシダ板付や苔テラリウムのワークショップも実施。,https://www.instagram.com/iwabaegarden/,https://www.nagasaki-tabinet.com/storage/special_features/563/responsive_images/lXbC6LrwCnjOuDqFBIlKpD7ZMq6tk9AjXpjuKfK2__1660_746.png,past
mirai-engei-henkyo-shokubutsuten-2026-07,ミライ園芸 辺境の植物展,2026-07-19,2026-07-19,2026.07.19,新潟,北陸,長岡防災公園 花テラス,即売会,新潟県長岡市の花テラスで開催される、サボテン・塊根植物・アガベなどの展示販売を行う入場無料の植物展。,https://www.instagram.com/mirai_engei/,,past
playfulness-nagoya-2026-07,PLAYFULNESS,2026-07-19,2026-07-19,2026.07.19,愛知,東海,Rental space shinsakae,即売会,名古屋・新栄で開催される植物即売イベント。アガベ・パキポディウム・ブロメリア・エアプランツ・塊根植物に木工や陶器鉢の作家も出店。,,,past
botanical-ajito-yukuhashi-2026-07,BOTANICAL AJITO（ゆくはし植物園）,2026-07-19,2026-07-19,2026.07.19,福岡,九州,ゆくはし植物園,即売会|アロイド,福岡県行橋市のゆくはし植物園で開催される園芸店3組による合同即売会。木村園芸・北浦園芸・むらかみ園芸が出展し、アンスリウムやアロカシア、フィロデンドロンなどが並ぶ。,https://www.instagram.com/p/DaNSSwdj9m8/,,past
futawaen-petit-plant-flea-2026-07,プチ植物フリマ in 二和園,2026-07-19,2026-07-19,2026.07.19,千葉,関東,二和園,即売会,千葉・佐倉の園芸店「二和園」でゆるく開催されるプチ植物フリマ。ハオルチア・ビカクシダ・モンステラなどお手頃な株を中心に、チタノタ育成者との共同出店。,https://minna-ta29.com/facilities/stf771-2/,,past
ensoukai-fuchu-2026-07,園草会 2026,2026-07-20,2026-07-20,2026.07.20,東京,関東,府中市市民活動センター バルトホール,即売会|塊根植物|多肉植物,塊根植物・多肉植物・鉢など11店舗が集結する都内の即売会。,,,past
botanical-ajito-fukuoka-2026-07,BOTANICAL AJITO,2026-07-20,2026-07-20,2026.07.20,福岡,九州,FUKUOKA EFFECT本館,即売会|アロイド,海の日に福岡・西の丘で開催される園芸店3組による合同即売会。アロイドを中心とした観葉・珍奇植物が並ぶ。,https://fukuoka-effect.jp/,https://fukuoka-effect.jp/archives/001/201812/4aa266444d6a7c3ecaa8a4b1eaa66d8b.png,past
ozaki-chinshokubutsu-collection-3,オザキ珍植物コレクション3,2026-07-25,2026-07-26,2026.07.25-26,東京,関東,オザキフラワーパーク,即売会,奇妙な見た目・不思議な生態の珍植物が集結する販売イベント。第3回開催。練馬区の都内最大級ガーデンセンター・オザキフラワーパークの店内イベント。,https://ozaki-flowerpark.co.jp/news/2026-7-25-26ozakichinsyokubutsu3/,https://ozaki-flowerpark.co.jp/wp-content/uploads/2026/05/珍植物コレクション3.jpg,past
shokubutsu-chudoku-vol2-2026-07,しょくぶつちゅうどく vol.2,2026-07-25,2026-07-26,2026.07.25-26,兵庫,関西,エアロスペース（南あわじ市）,即売会,兵庫県南あわじ市で開催される、アガベ・多肉・サボテン・斑入り植物などの出店者が全国から集う2日間の植物イベント。第2回。,https://www.instagram.com/501plants/,,past
botanical-gathering-fukuoka-vol2-2026-07,BOTANICAL GATHERING FUKUOKA Vol.2.0,2026-07-25,2026-07-26,2026.07.25-26,福岡,九州,CAITAC SQUARE GARDEN 2階,即売会,植物を扱うショップ約40店が集まる即売会。25日はグリーンデイ（観葉植物・サボテン・ユーフォルビア）、26日はビザールデイ（アガベ・塊根植物・ディッキア）。主催はEARTHWALK PLANTS。,https://www.instagram.com/botanical_gathering_fukuoka/,,past
sumori-open-garden-otokomatsuri-2026-07,SUMORI Open garden 〜漢祭〜,2026-07-25,2026-07-26,2026.07.25-26,宮城,東北,スモリの家 中庭（ホームセンタームサシ名取店敷地内）,即売会,多肉植物・サボテン・雑貨が並ぶ植物と雑貨のマルシェ。両日13時からセリ会を開催。主催は吉祥園。,https://www.instagram.com/lucky_gardening/,https://www.sumori.jp/main/wp-content/uploads/dc7622cbc777e1167b51393d919c652f.png,past
art-fair-nagano-2026-07,ART FAIR NAGANO 2026,2026-07-25,2026-07-26,2026.07.25-26,長野,北陸,北野カルチュラルセンター,展示会|塊根植物|アガベ,長野市の北野カルチュラルセンターで開催されるアートフェア。Plants枠に青坊主・Willing plant・N PLANTS・鉢乃木屋・サボテンの吉村が参加し、塊根植物やアガベ、盆栽、サボテンが並ぶ。入場料500円。,https://aobouzu.official.ec/blog/2026/06/01/194023,,past
meet-vol7-harajuku-2026-07,"PLANT & POTTERY EXHIBITION ""Meet"" vol.07 in HARAJUKU",2026-07-25,2026-07-26,2026.07.25-26,東京,関東,MILLS TOKYO（原宿）,即売会,原宿・MILLS TOKYOで開催される植物と陶芸のポップアップ第7回。COOLCACTUS、Elbaz Farm、MINT COLLECTION GALLERYが出店し、作家鉢と植込み植物が並ぶ。,,,past
pakipo-no-sono-2026-07,パキポの園,2026-07-25,2026-07-25,2026.07.25,愛知,東海,カネヨシプレイス（みよし市勤労文化会館）,即売会,愛知県みよし市のカネヨシプレイスで開催される、パキポディウムを中心とした塊根植物の即売・交流イベント。,https://www.instagram.com/p/DYCbvZXk4rw/,,past
taniku-hanbaikai-fujikawa-rakuza-2026-07,多肉植物の販売会（富士川楽座）,2026-07-25,2026-07-25,2026.07.25,静岡,東海,富士川楽座 2Fフリースペース,即売会,道の駅「富士川楽座」2Fフリースペースで開催される多肉植物の販売会。10:00〜15:00。,https://fujikawarakuza.co.jp/event,,past
osaka-shokubutsu-en-vol3-2026-07,第三回 大阪植物宴,2026-07-26,2026-07-26,2026.07.26,大阪,関西,花と緑と自然の情報センター（長居公園）,即売会|珍奇植物,長居公園内の花と緑と自然の情報センターで開催される植物即売会の第3回。ビカクシダ、アガベ、多肉植物、サボテン、ブセファランドラなど幅広いジャンルが集まる。,https://www.instagram.com/p/DZXUbQVmTg_/,,past
yell-market-minamisenba-2026-07,yell market 2026,2026-07-26,2026-07-26,2026.07.26,大阪,関西,展示会場 南船場 drapeau MINAMI SENBA,即売会|多肉植物,大阪・南船場で開催される植物と作家鉢のポップアップ販売イベント。多肉植物や塊根植物に加え、陶芸作家が作陶した植木鉢や花器が並ぶ。,https://www.instagram.com/p/DY4RtNQIYm3/,,past
isij-summer-festival-2026,多肉植物サマーフェスティバル 2026,2026-07-26,2026-07-26,2026.07.26,埼玉,関東,狭山スキー場,即売会,国際多肉植物協会（ISIJ）恒例のサマーフェスティバル。多肉植物・サボテンの展示即売。今回は1日開催。,http://isij.net/,,past
plants-united-kumamoto-2026-08,PLANTS UNITED 2026,2026-08-01,2026-08-01,2026.08.01,熊本,九州,河原町繊維問屋街 植物天國,即売会,熊本市中央区河原町の繊維問屋街にある植物天國を会場に、1日限りで開かれるポップアップストア。2026年8月1日の12時から18時までで、アガベや塊根植物を扱うショップが集まる。出店はKOBE AGAVE SHOP、EARTHWALK PLANTS、MOVIN PLANTS、主催のPLANTS HEAVENの4組で、スペシャルゲストとしてgene_of_8も加わる。会場の植物天國は普段は毎週土曜の21時から24時までの営業のため、日中に実物を見て買える機会はこうしたポップアップのときに限られる。入場料や整理券についての案内は出ていない。当日の追加情報は主催アカウントで告知される。,https://www.instagram.com/_plantsheaven_/,,past
bizarreplants-outlet-vol5-2026,bizarreplants Outlet vol.5,2026-08-01,2026-08-01,2026.08.01,三重,東海,久居アルスプラザ 2Fカルチャールーム1,即売会,三重県津市の久居アルスプラザ2階カルチャールーム1で開かれるアウトレット販売会の第5回。2026年8月1日の11時から16時まで、7組が出店する。Grizzly Plantsはアガベに加え、カリフォルニア州西海岸の地形をデザインした3Dプリンター鉢と、シリアルナンバー入りで数量限定の新作ソイルスティックを持ち込む。Kevin Plantsはマダガスカル原産の塊根植物を実生と現地球の両方で扱い、パキポディウム・グラキリス、恵比寿大黒、ピグマエヤ、兜丸、オベサ、アデニウム、ステファニアが並ぶ。N forestは自身で胞子培養したビカクシダの子株とビカクフレーム。主催のかいこんにんげんは、アガベの普及種からイラン株、ハイブリッドまで幅広く用意する。ほかに編み物でつくる植物のJ.plants、植物を描く絵画のおずの細道、コーヒーを出すkonitanが出店する。,https://www.instagram.com/kaikon_ningen/,,past
mishou-circle-vol2-2026-08,実生サークル 第2回,2026-08-01,2026-08-02,2026.08.01-02,東京,関東,ギャラリー永谷1,即売会|展示会,吉祥寺のギャラリー永谷1で開かれる実生サークルの第2回。国内実生株の育成に関する情報共有をテーマに、趣味家・生産者・陶芸家が日替わりで参加し、サボテンやユーフォルビアなどの実生株と鉢・陶器を展示販売する。入場はお茶代として500円。,https://www.instagram.com/king.plants.slugger,,past
code-tokyo-popup-2026-08,CODE 単独東京POP UP,2026-08-01,2026-08-02,2026.08.01-02,東京,関東,ANTIDOTE OIMACHI TRACKS,即売会|塊根植物,福岡の塊根植物ブランドCODEによる初の単独東京POP UP。大井町のANTIDOTE OIMACHI TRACKSで、現地球のパキポディウム・グラキリスを中心とした珍奇植物とイベント限定の鉢・グッズを販売する。11時から19時、入場無料。,https://www.instagram.com/_code.official_/,https://static1.squarespace.com/static/5cf380f3c58b7d0001deb2f6/t/643377dd9ae6ab6d6fff8f4a/1681094621380/popap_cover.png?format=1500w,past
gunpari-gpf-kanshasai-2026-08,群パリ GPF感謝祭 2026,2026-08-01,2026-08-01,2026.08.01,群馬,関東,前橋サボテン団地,即売会,群馬のアガベ愛好グループ群パリ（GUNMA PARRY FREAKS）が前橋サボテン団地で開く感謝祭。前半はBBQ、後半は縁日が行われ、サボテン団地のハウスを一部開放して植物販売を実施する。,https://www.instagram.com/p/DaXx4jCSon5/,,past
kanzen-anjo-2026-08,間然（KAN-ZEN）,2026-08-01,2026-08-01,2026.08.01,愛知,東海,アンフォーレ ホール,即売会|塊根植物,オニバス株式会社主催、植物と鉢の展示販売イベント第2回。機能鉢「三州みやび鉢」の限定品と塊根植物を軸に、全国の有名ショップや陶芸作家13組が安城市のアンフォーレ ホールに集結する。テーマは「間（あわい）に然るまま佇む 命の造形」。11時から16時、入場無料・先着入場。,https://www.instagram.com/kanzen.event/,,past
paradise-garage-tomoya-farm-2026-08,Paradise Garage in TOMOYA FARM,2026-08-01,2026-08-02,2026.08.01-02,沖縄,九州,ともや農場ハウス,即売会|マルシェ,沖縄・中城村のいちご狩り農園「ともや農場」のハウスを会場に初開催される植物イベント。Otikiや安美園など県内外の植物出店者が集い、多肉植物やサボテンなどを展示販売する。農園の新たな取り組みとして注目の2日間。,https://www.instagram.com/tomoyafarm/,https://ak-d.tripcdn.com/images/0HJ4c12000itr2dxr4B49.jpg,past
saitama-saboten-club-summer-2026,埼玉サボテンクラブ 夏の大即売会,2026-08-02,2026-08-02,2026.08.02,埼玉,関東,むさしの村 さくらホール,即売会,1970年から続く会員制クラブ、埼玉サボテンクラブによる即売会。2026年8月2日の9時40分から15時まで、埼玉県加須市のむさしの村さくらホールで開かれる。入場無料で会員以外も購入でき、約70台分の無料駐車場がある。当日は8時から8時30分ごろに入場整理券が配布される予定。長谷川会長をはじめ約31名の会員・役員が出店し、普段は販売会に出ない趣味家も参加するため、サボテンと多肉植物の優良苗に加えて流通の少ない品種も並ぶ。13時からは誰でも参加できるサボテン争奪じゃんけん大会があり、出店者のコレクション株が放出される。クラブの代名詞である会報誌のバックナンバーも一部販売され、当日の新規入会も受け付ける。来場者には数量限定のノベルティが用意される。出店者同士の購入と取り置きは11時まで禁止で、来場者が先に選べる運用になっている。,https://www.instagram.com/saitamasabotenclub/,"https://user-images.strikinglycdn.com/res/hrscywv4p/image/upload/c_limit,fl_lossy,h_630,w_1200,f_auto,q_auto/1746059/AC1791A9-0115-4094-8B24-1CEA2568EC37.null",past
green-base-awaji-2026,GREEN BASE AWAJI 2026,2026-08-02,2026-08-02,2026.08.02,兵庫,関西,S BRICK 旧鐘紡工場跡赤レンガ倉庫,即売会,淡路島の洲本市にある赤レンガ倉庫S'BRICKで初めて開かれる植物販売イベント。2026年8月2日の11時30分から16時まで、12店舗が出店する。ssstudio0318、solus plants、n2 plants、hws plants、ing.plantsとアガベを扱う店が中心で、m4splantsは塊根植物とユーフォルビア、pst_sfはアガベとフィギュアを並べる。d_agave317とorange_plants2303は3Dプリンター製の鉢を持ち込む。植物以外ではヴィンテージ古着のtrags_vintage、レトロガラスのmirrors_usaが入り、ガラスコップに彫刻を入れるサンドブラストのワークショップも行われる。キッチンカーはpale_green.0799。15時からは各ブースを回りながらインスタグラムライブでオークションを実施し、来場者と配信の視聴者が同時に入札できる。,https://www.instagram.com/green_base_awaji/,,past
life-circle-world-2026-08,LIFE CIRCLE WORLD 2026,2026-08-02,2026-08-02,2026.08.02,福井,北陸,きらめきみなと館 大ホール,即売会|マルシェ,福井県敦賀市のきらめきみなと館大ホールで開かれる、植物とメダカの合同イベント。2026年8月2日の10時から16時まで。植物エリアとメダカエリアがそれぞれ20店舗規模で構成される。植物側はONE K PLANTS、bochi→BOCHI plants、魅惑の塊根屋、植物屋Dohraku、OMAME PLANTS、GOCCIA plants factory、勝明園、17 BOTANICAL BASE、TREE VALLEYなど22店が出店し、塊根植物や多肉植物のほか、MEMEのボタニカルギアやPOT.の3Dプリンター鉢も並ぶ。メダカエリアにも22店が入る。会場は室内で冷房が入っているため、真夏でも暑さを避けて見て回れる。駐車場は100台以上。飲食はキッチンカーの桃カフェがホットドッグを出し、ブース販売でジェリーD'sスマイルのポップコーン、ぬらりくらりのかき氷、島屋の海産物が並ぶ。,https://www.instagram.com/life_circle_world/,,past
kyoto-shaboten-club-manatsu-2026,京都シャボテンクラブ 真夏の納涼即売会,2026-08-02,2026-08-02,2026.08.02,京都,関西,六孫王会館,即売会,京都シャボテンクラブが六孫王会館1階で開く真夏の納涼即売会。2026年8月2日の11時から15時まで、クラブ員がサボテンと多肉植物を持ち寄って販売する。同クラブは毎月この会館で例会を開いており、即売会もその活動の一環にあたる。会場の駐車場は台数に限りがあるため、主催は乗り合わせか公共交通機関での来場を呼びかけている。買った株を持ち帰るためのマイカゴやマイバッグの持参と、会計を円滑にするための小銭の用意も案内されている。クラブは随時入会希望を受け付けており、非会員でも当日会費500円で例会に参加できる。8月の例会は22日18時から同会館で行われ、競作多肉植物をテーマにした苗談義と交換会が予定されている。なお交換苗の出品は会員に限られる。,https://kyotocactus.syuriken.jp/,,past
shokunetsu-festival-2nd-2026-08,灼熱の植熱祭 2026 2nd,2026-08-02,2026-08-02,2026.08.02,愛媛,四国,BJ PLANTS,即売会,愛媛県西条市の植物ショップBJ PLANTSが自店で開く即売会、灼熱の植熱祭の2026年第2弾。4月5日の第1回に続き、8月2日の14時から18時までの4時間で開催する。出店は7組。岡山からはBANKSIAが実生の塊根植物、BIZEN NO HACHIが植木鉢を持ち込む。香川からはドライガーデン向けの植物を扱うTSUKUMOと、レザークラフトのmako'sfactoryが参加する。地元愛媛からはアガベを扱うPEPEGREENとAGABASE330が出店し、西条市のCUP OF JOEがドリンクを出す。会場のBJ PLANTSは塊根植物とアガベ、植木鉢を扱う店で、通常の営業は14時30分から18時30分、月曜と火曜が定休日。即売会は夕方の時間帯に絞って行われる。,https://bjplants.stores.jp/,,past
chinki-plants-flea-market-2026-08,珍奇植物フリーマーケット（2026年8月）,2026-08-02,2026-08-02,2026.08.02,東京,関東,町田パリオ 4階,即売会|珍奇植物,東京都町田市の町田パリオ4階で開かれる珍奇植物専門のフリーマーケット。業者ではなく趣味で植物を育てる一般の出品者が主役で、乾燥地帯系から熱帯系まで幅広い珍奇植物と陶芸作家の鉢が並ぶ。,https://www.instagram.com/p/DaadPE4n23r/,,past
picnic-garden-vol23-takizawa-2026-08,PICNIC GARDEN vol.23 in ビッグルーフ滝沢,2026-08-02,2026-08-02,2026.08.02,岩手,東北,ビッグルーフ滝沢 小ホール,即売会|多肉植物,キングプランツ主催の多肉植物即売イベント第23回。岩手県滝沢市のビッグルーフ滝沢小ホールに東北・関東から10店舗が出店し、11時から16時まで多肉植物と関連物販を行う。,https://bigroof.jp/event/picnic_garden_20260802/,,past
sakura-night-marche-2026-08-02,ナイトマルシェ（さくら植物園）8月2日,2026-08-02,2026-08-02,2026.08.02,千葉,関東,さくら植物園,マルシェ|即売会,千葉県佐倉市のさくら植物園で16時から21時まで開かれる夏のナイトマルシェ。アガベやサボテンなどの植物販売に加え、キッチンカーやハンドメイド雑貨、ワークショップが並ぶ。,https://www.instagram.com/sakura_shokubutsuen/,,past
gamagori-taniku-festa-yatsugatake-2026-08,がまごおり多肉フェスタ in八ヶ岳,2026-08-02,2026-08-02,2026.08.02,長野,北陸,八ヶ岳農業大学校,即売会|マルシェ|多肉植物,"愛知・蒲郡発の人気多肉イベント「がまごおり多肉フェスタ」の八ヶ岳編。標高1,300mの八ヶ岳農業大学校に全国の多肉植物販売者が大集合し、ワークショップや寄せ植え体験、飲食・雑貨ブース、恒例の抽選会まで1日楽しめる。10時から15時。",https://www.instagram.com/gamagori_taniku_festa/,,past
kanaoka-midori-marche-2026-08,金岡みどりのマルシェ（2026年8月）,2026-08-05,2026-08-09,2026.08.05-09,大阪,関西,金岡公園体育館,即売会,大阪府堺市の金岡公園で開かれる植物マルシェの8月開催回。主催は大阪で盆栽、サボテン、多肉植物、山野草を生産販売する浦部陽向園で、金岡公園体育館の指定管理者である堺市教育スポーツ振興事業団とミズノグループの協力を得て、毎年恒例で開いている。会期は8月5日から9日までの5日間。時間は平日が9時から15時、土日が9時から16時。平日の5日から7日は浦部陽向園のみの出店で、8日と9日の土日は他の生産者も加わる。土日の出店者は芳明園、植物屋Dohraku、勝明園、8日のみのminor phyto!とcactus裕美園、9日のみのomame plants。7月に続く開催で、今回は出店者を増やしている。屋外開催のため悪天候の場合は休業することがあり、その際は主催のインスタグラムで告知される。,https://www.instagram.com/yokoen_tk/,,past
sakura-night-marche-2026-08-08,ナイトマルシェ（さくら植物園）8月8日,2026-08-08,2026-08-08,2026.08.08,千葉,関東,さくら植物園,マルシェ|即売会,千葉県佐倉市のさくら植物園で16時から21時まで開かれる夏のナイトマルシェ。マボプランツ、サボタニカル、スフェラベルデなどが出店し、アガベやサボテンの販売とワークショップを行う。,https://www.instagram.com/sakura_shokubutsuen/,,past
gooddays-homesic-mito-2026-08,GOOD DAYS POP UP（ホームシック スタイルショップ水戸店）,2026-08-08,2026-08-09,2026.08.08-09,茨城,関東,ホームシック スタイルショップ水戸店,即売会|塊根植物,塊根植物専門店GOOD DAYSとインテリアショップHOME SIC style shopのコラボ企画。水戸店の1階エリアと屋外で、10時半から18時まで塊根植物やアガベを家具・雑貨とあわせて展示販売する。,https://www.instagram.com/gooddays_plants/,,past
gunma-cactus-club-succulent-fair-2026-08,GUNMA CACTUS CLUB SUCCULENT FAIR 2026,2026-08-08,2026-08-08,2026.08.08,群馬,関東,高崎オーパ 7階,即売会|サボテン|多肉植物,1953年発足の老舗愛好会・群馬カクタスクラブによる2026年内最後の主催即売会。例年秋の開催を8月に前倒しし、県内外の若手からベテランまで幅広い出店者がサボテン・多肉植物・塊根植物のこだわりの株を持ち寄る。10時から16時、支払いは現金のみ。,https://www.instagram.com/gunmacactusclub/,,past
yamayama-menosyama-2026-08,YAMAYAMA｜山山,2026-08-08,2026-08-09,2026.08.08-09,東京,関東,MENOSYAMA,展示会|即売会,植物店・芽の巣山による合同特別企画展。陶芸家・安西岳郎と中川智治（ASHFIELD LABORATORY）の共作鉢を題材に、The One・園藝撮家 田口勇一郎・TAKATAKA・芽の巣山の4者が植物を植え込み、一つの景色として展示販売する。tresとTAKATAKA厳選の植物販売も。11時から17時。,https://www.instagram.com/menosyama_official/,,past
kyoto-midori-marche-natsumatsuri-vol2-2026-08,京都みどりのマルシェ 夏祭り vol.2,2026-08-09,2026-08-09,2026.08.09,大阪,関西,JR茨木駅東口駅前広場（いばらきスカイパレット）,マルシェ|即売会,京都みどりのマルシェが大阪府茨木市で開く夏の特別編。会場はJR茨木駅の駅前エントランスにあるいばらきスカイパレットで、2026年8月9日の15時から20時まで、夕方から夜にかけての時間帯で行われる。出店は15組。cactus M、Cactus Litch、nomura cactus、432plants、瑞豊とサボテンを扱う店が並び、魅惑の塊根屋、awn plants、bizarre plants 雅が塊根植物やビザールプランツを持ち込む。多肉植物ではBabyleaf plantsとたにくふぁーむが入り、たにくふぁーむは2ブースで出店する。ほかにサナケン、イチナナボタニカルベース、五佰壱植物、Yuan、主催のぺてぃのお店が加わる。駅に隣接した会場のため、電車での来場がしやすい。,https://www.instagram.com/midorino_marche/,,past
kagoshima-volcano-market-vol3-2026-08,KAGOSHIMA VOLCANO MARKET ボルマ vol.3,2026-08-09,2026-08-09,2026.08.09,鹿児島,九州,キラメキテラス（キラメキ南国ビル2F）,マルシェ|即売会,鹿児島市高麗町のキラメキ南国ビル2階で開かれるマーケットの第3回。2026年8月9日の10時から18時まで、入場無料。植物と鉢、コーヒー、古着を組み合わせ、暮らしとカルチャーの側面から植物に触れる構成をとっている。植物は8店で、鹿児島のKOBE AGAVE SHOPとsaku botanicalworks、福岡の井上さぼてん、SiLO BOTANICAL LiFE、earthwalk plants、movin plants、佐賀のcoco.plants、熊本のLiaと九州各県から集まる。鉢とギアは熊本のhappy come come、福岡のTHE SPOTとhinode.flowerpot、鹿児島のbronz bowl.。古着は鹿児島のBEERと、ディスコテックヴィンテージと染めアトリヱ地球屋の共同出店。コーヒーはjourney sip coffeeとLIMA COFFEE。,https://www.instagram.com/kagoshima_volcano_market/,,past
kumagaya-taniku-fes-2026-08,熊谷多肉フェス（2026年8月）,2026-08-09,2026-08-09,2026.08.09,埼玉,関東,熊谷ニットーモール イベント広場 1F/2F,即売会,埼玉県熊谷市の熊谷ニットーモールで開かれる多肉植物のフェス。2026年8月9日の10時から16時まで、1階と2階のイベント広場を会場に22組が出店する。1階にはRAINBOW CACTUS、錦玉園、plantsoyaji、jssブース、venusta1211、ゆりのきサキュレント、チャコの店、まりえタニク、HACHIYA MIYU&CHACHI、LEMON_BACHI、多肉のおうち、秘密結社白鯨、路地裏のギボウシが入り、ゆりのきサキュレントは2ブースで出店する。2階にはにっちプランツ、BLACK COMPANY、ONE K PLANTS、珍奇植物ぼっち植堂、Plants ate Michael、アデアデニウム、木水園、TOKOMA PLANTS、バイオゴールドが並ぶ。主催の熊谷フェスは埼玉県内の多肉植物愛好家や作家を集めたイベントを続けており、雑貨販売も取り入れた構成にしている。,https://www.nittohmall.com/event.html,,past
enichi-vol17-bizenya-2026-08,園日 Vol.17,2026-08-09,2026-08-09,2026.08.09,岡山,中国,備前屋 縁,即売会|マルシェ,岡山県倉敷市児島の古民家スペース「備前屋 縁」で開かれる園日シリーズ第17回。長野・関東・奈良・香川からのゲストと岡山の植物出店者、植物作家、庭師が集まり、キッチンカーなどの飲食出店も並ぶ。10時半から16時半。,https://www.instagram.com/banksia.111/,,past
plants-up-satsuma-2026-08,PLANTS UP SATSUMA,2026-08-11,2026-08-11,2026.08.11,鹿児島,九州,かんまちあ（上町の杜公園）,即売会|珍奇植物,"桜島を望む鹿児島市のかんまちあで開かれる植物カルチャーイベント。珍奇植物・多肉植物・塊根植物・ビカクシダに加え、作家鉢やアート展示、DJ、フードトラックが集まる。10時から先行入場1,000円、11時以降は入場無料。",https://www.instagram.com/p/DakTMN5hBhi/,,past
itakeru2-27gallery-2026,Botanical Art Exhibition「ITAKERU2」,2026-08-14,2026-08-30,2026.08.14-30,東京,関東,27 GALLERY TOKYO（東京都中央区日本橋本町3-2-12 日本橋小楼ビル202）,展示会,東京・日本橋の27 GALLERY TOKYOで開かれる、植物をテーマにした企画展の第2回。展示名は植樹の神である五十猛神にちなむ。作家によるアート鉢の展示に加えて、今回は生きた植物の展示販売も行う。営業は木曜15時から、金曜17時から、土曜13時から。最終日の8月30日は13時から18時まで。,https://www.instagram.com/27_gallery_tokyo/,https://www.tokyoartbeat.com/images/143215756-f1ead752-cee1-4c9c-9c92-d5f0c5bcfbe3.jpg,past
rare-foliage-sale-protoleaf-futako-2026,レア観葉植物販売会（Jolie Nursery）,2026-08-15,2026-08-30,2026.08.15-30,東京,関東,プロトリーフ二子玉川本店（東京都世田谷区）,即売会,園芸店プロトリーフの二子玉川本店で開かれる希少観葉植物の販売会。世界中から株を集めるJolie Nurseryが出店し、人気のレア種から気軽に育てられるミニポット株まで並ぶ。,https://www.protoleaf.com/?p=24060,https://www.protoleaf.com/wp-content/uploads/2026/06/HP_Jolie.png,past
shokusai-global-botanical-jam-2026-08,植祭 Global Botanical Jam 2026夏,2026-08-15,2026-08-16,2026.08.15-16,静岡,東海,ツインメッセ静岡 北館大展示場（静岡市駿河区）,即売会|アガベ|塊根植物,静岡市のツインメッセ静岡北館で開かれる植物イベント。2026年8月15日と16日の2日間、いずれも10時から16時までで、最終入場は15時30分。全国から130店舗以上の植物専門店が集まり、アガベ、サボテン、塊根植物、ビカクシダ、熱帯植物、多肉植物、植物雑貨が並ぶ。会場は室内で冷房が入っているため、お盆の時期でも暑さを避けて回れる。入場料は当日券800円、前売券600円で、中学生以下は無料。前売券はアソビューとローソンチケットで販売されている。ペットの同伴はできない。販売だけでなく、選び方や育て方を全国の出店者に直接聞ける場としても案内されている。主催は静岡第一テレビ、MALIBU GARDEN、スピリットボムの3者で、問い合わせは静岡第一テレビ事業部が平日10時から17時まで受け付けている。,https://www.instagram.com/global_botanical_jam/,,past
aqua-green-fes-enichi-2026-08,アクア＆グリーンフェス 縁日,2026-08-15,2026-08-15,2026.08.15,福岡,九州,道の駅 しんよしとみ,即売会,福岡県上毛町の道の駅しんよしとみで開かれるアクア＆グリーン系の縁日イベント。ベタ・金魚・メダカの販売と掬いに加え、アガベの販売やキッチンカー出店が行われる。9時から14時、雨天中止。,https://www.instagram.com/f.r.w.plants123/,,past
urin-no-ichi-2nd-2026-08,雨林ノ市 第貳陣,2026-08-15,2026-08-16,2026.08.15-16,大阪,関西,J:COM中央区民センター 2階ホール（大阪市中央区久太郎町1-2-27）,即売会|アロイド|珍奇植物,熱帯雨林植物に特化した即売会「雨林ノ市」の第2回。初陣に続き、アロイド・ブセファランドラ・ホマロメナなどの雨林植物に加え、第貳陣ではケーブバルブも扱う。会場はJ:COM中央区民センター2階ホール。主催は雨林ノ市実行委員会。,https://www.instagram.com/urinchi2026/,,past
botanical-evening-marche-oyabe-2026-08,BOTANICAL EVENING MARCHE,2026-08-16,2026-08-16,2026.08.16,富山,北陸,三井アウトレットパーク 北陸小矢部 南口芝生広場エリア（富山県小矢部市）,マルシェ,富山県小矢部市・三井アウトレットパーク 北陸小矢部の南口芝生広場で開かれる夕暮れの植物マルシェ。富山初開催で、北陸サボテンクラブ・浦部陽向園・多肉ランドcat companyなど15日は植物25店、16日は19店が出店し、飲食店も並ぶ。入場無料。,https://mitsui-shopping-park.com/mop/oyabe/event/3491823.html,,past
from-seed-to-landscape-2026,From seed to landscape,2026-08-16,2026-08-16,2026.08.16,東京,関東,カトーエンゲー東京,即売会|展示会,アガベ専門店カトーエンゲー東京を会場に開かれる1Dayイベント。7名の趣味家がそれぞれ実生苗を1トレー以上持ち込み、あわせてKonectの植木鉢なども販売される。展示は各出店者の親株・作り込み株・珍株で、販売分だけでなく育て上げた株を見られる構成。出店は diumer_club、kitamori1110、moriken0.02、tamakann、konect.tokyo、dobuzuke、katamari.28、blue.leaf333 の8者。主催は cosmicoplants。販売株数は各出店者とも多くないため、希少株やオリジナルハイブリッドの買い占めは主催者が控えるよう呼びかけている。会期中はカトーエンゲー東京の通常商品も購入できる。,https://www.instagram.com/p/DbYGBFgk-eK/,,past
rare-plants-dry-garden-festa-2026,Rare Plants & Dry Garden Festa 2026,2026-08-22,2026-08-30,2026.08.22-30,群馬,関東,Kayu style Botaniqa Atelier（群馬県邑楽郡千代田町福島190）,即売会|大型,"群馬県千代田町のKayu style Botaniqa Atelierで開かれる希少植物とドライガーデン素材の展示販売。約3ヘクタールの敷地にアガベ各種、ユッカ・ロストラータ、ブラックボーイ、古木オリーブ、オージープランツなど約20,000本が並ぶ。8月25日（火）は定休。ペット同伴可。",https://www.instagram.com/kayustyle_botaniqa_atelier/,https://www.atpress.ne.jp/attachments/GgJlT7i1LXbbHebFKS4a.jpg,past
botanical-yoichi-3rd-ebina-2026-08,ボタニカル夜市 3rd,2026-08-22,2026-08-23,2026.08.22-23,神奈川,関東,海老名駅前広場周辺,マルシェ,神奈川県海老名市で開かれるナイトマーケットの第3回。会場は海老名駅前西口の中心広場とプロムナードエビーロードで、2026年8月22日と23日の15時30分から20時まで。植物と音楽を軸に、アートやストリートカルチャーが交差する場をコンセプトに掲げ、今回はcrossing cultureをテーマにジャンルを超えた2日間として企画されている。入場は無料だが、ライブエリアと一部のコンテンツは有料。ビザールプランツの販売と並行して、両日ともスペシャルライブとライブペイントが行われる。後援は海老名市とFMヨコハマ、スペシャルサポートは小田急電鉄とresort_life_style。開催に向けたクラウドファンディングも実施されており、ライブ最前列に入れるVIP PASSや限定Tシャツ、タンブラーなどが返礼品に用意されている。,https://www.instagram.com/botanical_yoichi/,,past
botanical-night-market-kurashiki-2026-08,BOTANICAL NIGHT MARKET 2026,2026-08-22,2026-08-22,2026.08.22,岡山,中国,アリオ倉敷 屋外イベント広場・倉敷みらい公園,マルシェ|ナイトマーケット|即売会,岡山県倉敷市のアリオ倉敷 屋外イベント広場と倉敷みらい公園を会場に開かれるボタニカルナイトマーケット。盆栽・観葉植物・多肉植物などを扱う店が並ぶ夜市形式のイベント。主催はボタニカルナイトマーケット実行委員会。本ページの内容は主催者の当該回告知を確認しだい更新する。,https://kurashiki.ario.jp/event/2800008768,https://hread.home-tv.co.jp/wp-content/uploads/2025/08/20250812Ario_BotanicalMarket_1-e1755052623537.jpg,past
plant-guild-botanicbomb-2026-08,PLANT GUILD Powered by BOTANICBOMB,2026-08-22,2026-08-22,2026.08.22,京都,関西,17 BOTANICAL BASE（京都府福知山市岩井51）,即売会,京都府福知山市発の植物イベントBOTANICBOMBのスピンオフとして開かれるPOP UPイベント。会場は福知山市岩井の17 BOTANICAL BASE。合言葉は「交流」で、出店者と来場者の距離が近い小規模開催。,https://www.instagram.com/botanicbomb/,,past
minori-kaboku-cactus-agave-2026-08,サボテン・アガベ・多肉植物 展示即売会（みのり花木センター）,2026-08-22,2026-08-23,2026.08.22-23,栃木,関東,みのり花木センター インターパーク店（栃木県宇都宮市）,即売会|サボテン|アガベ,栃木県宇都宮市の大型ガーデンセンター、みのり花木センター インターパーク店で開催されるサボテン・アガベ・多肉植物の展示即売会。恒例のオークションは23日(日)13時から。初心者から上級者まで対象の品揃えで、店舗の告知どおり2日間の開催。,https://www.instagram.com/minori_kaboku_interpark/,,past
botanical-garden-plaza-hana-2026-08,BOTANICAL（ガーデンプラザ華 福島店）,2026-08-22,2026-08-23,2026.08.22-23,福島,東北,ガーデンプラザ華 福島店 B棟（福島県福島市成川字久保前11-1）,即売会|多肉植物,福島市のガーデンプラザ華 福島店B棟で開かれる多肉植物の販売会。キングプランツが両日出店し、22日はPLUMP PLANTと20000cc_potが加わる。同店では定期的に同名の販売会が開かれており、今回は2日間の開催。,https://www.instagram.com/gardenplazahana/,,past
green-summit-more-vol21-2026-08,Green Summit MORE vol.21,2026-08-23,2026-08-23,2026.08.23,宮城,東北,せんだい農業園芸センター みどりの杜,即売会|アガベ,東北みちのくサボテンクラブ主催の植物即売イベント。仙台市のせんだい農業園芸センターに10店舗が出店し、アガベ・塊根植物・サボテンを販売する。10時から15時、混雑時は9時配布の整理券による入場規制あり。,https://www.instagram.com/green_summit_touhoku/,,past
grow-jam-presents-01-soka-2026-08,GROW JAM PRESENTS 01,2026-08-23,2026-08-23,2026.08.23,埼玉,関東,TITANOTA BASE（埼玉県草加市西町1270-3）,即売会,埼玉県草加市・TITANOTA BASE（DINERS CAFE AND BAR）で開かれる同店初の植物イベント。1階テラスと2階スペースにアガベ・塊根植物・ビザールプランツを扱う8店舗が集まり、鉢や作家ものも並ぶ。入場無料、専用駐車場24台。,https://www.instagram.com/miyaki0415/,,past
myoko-taniku-market-bangaihen-2026-08,妙高多肉市場【番外編】,2026-08-23,2026-08-23,2026.08.23,新潟,北陸,フィールド妙高（道の駅あらい東側）,即売会|マルシェ,妙高多肉市場の番外編。通常回と同じ道の駅あらい東側エリアのフィールド妙高を会場に、多肉植物を中心とした出店が並ぶ一日開催。主催アカウントが出店者リストを公開済み。,https://www.instagram.com/_myoko_plants_market_/,,past
taniku-natsu-hanbaikai-hojo-2026-08,多肉植物 夏の販売会 in 道の駅ほうじょう,2026-08-23,2026-08-23,2026.08.23,鳥取,中国,道の駅ほうじょう 中庭テラス（鳥取県東伯郡北栄町国坂）,即売会|多肉植物,鳥取県東伯郡北栄町の道の駅ほうじょう・中庭テラスで開かれる多肉植物の販売会。屋外の中庭テラスに苗と鉢が並ぶ一日開催で、道の駅の通常営業とあわせて立ち寄れる。出店者はなごみ多肉ほか。,https://www.instagram.com/nagomitaniku/,,past
bota-no-natsuyasumi-2026,ボタの夏休み 2026,2026-08-24,2026-08-24,2026.08.24,東京,関東,千住本氷川神社 隣接会館 3階会議室,即売会,東京都足立区・北千住の千住本氷川神社右隣にある会館3階会議室で月曜に開催される室内植物即売会。土日に休めない人に向けた「ボタの市」「ボタニカル横丁」の姉妹企画で、灌木・ビザールプランツ系を中心とした5組が出店。涼しい室内でゆったり楽しめる。入場無料。,,,past
okinawa-chinki-plants-futako-2026,沖縄育ちの珍奇な植物店 vol.2,2026-08-28,2026-08-31,2026.08.28-31,東京,関東,二子玉川 蔦屋家電 2階（東京都世田谷区玉川1-14-1 二子玉川ライズS.C. テラスマーケット）,即売会,沖縄の農園で育った希少株を集めた植物イベントの第2回。強い日射しのもとで1年から10年かけて育てられた観葉植物や珍奇植物が並び、沖縄の陶芸家が手がけたやちむんの鉢もあわせて販売される。最終日の8月31日は16時閉場。,https://store.tsite.jp/futakotamagawa/event/POPUPSHOP/,,past
nangoku-de-night-vol2-2026,第2回 南国deナイト！,2026-08-29,2026-08-29,2026.08.29,愛知,東海,南国ちゃたん たにくった,即売会|ナイトマーケット,愛知県豊橋市東七根町の多肉植物・熱帯植物店、南国ちゃたん たにくったが自店の敷地内で開く夜のイベントの第2回。2026年8月29日の16時から21時まで。日が落ちてから多肉植物を見て回る多肉の夜のお祭りとして企画され、店の敷地にブースが並ぶ。出店者はインスタグラムで順次紹介されており、多肉屋ちんさん、MOSSMOSS Succulent、PAZAPA、とことこsucculent、SUCCULENT ピース、MOMOLAND、RolyPoly、TUBASUCCULENT、TKG-Plant、Nekottoねこっと、LIME. succulent、cat company、ブルゾンどりwithMK、4necoco、NB garden、BOSS.SUCCULENTと、多肉植物の生産者や専門店が中心。主催店の通常営業は週末の土日が中心で、7月と8月は15時から20時の営業となっている。,https://www.instagram.com/nangokuchatan_tanikutta/,,past
fuji-taniku-fujikawa-rakuza-2026-08,富士多肉 多肉植物・サボテンの販売（富士川楽座）,2026-08-29,2026-08-29,2026.08.29,静岡,東海,道の駅 富士川楽座 2Fフリースペース,即売会|多肉植物,富士多肉植物愛好会が道の駅富士川楽座の2Fフリースペースで開く展示販売会。10時から14時まで多肉植物とサボテンを販売し、14時からは競りを行う。,https://fujikawarakuza.co.jp/event,,past
chinki-shokubutsu-ichiba-vol9-2026,珍奇植物市場 Vol.9 BOTANI CARNIVAL,2026-08-29,2026-08-30,2026.08.29-30,沖縄,九州,西原さわふじマルシェ（沖縄県中頭郡西原町小波津480）,即売会,沖縄県西原町・西原さわふじマルシェで開かれる珍奇植物の即売会。「植物が主役の真夏の祭典」として同シリーズ初の夏開催となり、県内の植物コレクターやショップが集まりアガベ・塊根植物・多肉植物・ビカクシダなどが並ぶ。キッチンカーも出店。,https://www.instagram.com/tanikunchu/,,past
kisarazu-engei-ichi-2026-08,木更津園芸市（2026年8月）,2026-08-29,2026-08-29,2026.08.29,千葉,関東,木更津市金田地域交流センター きさてらす,即売会,千葉県木更津市・金田地域交流センター「きさてらす」（三井アウトレットパーク隣）の屋外イベントスペースで開催される夕方からの園芸市。園芸を始める人の「きっかけづくり」を掲げ、求めやすい価格の苗を中心としたラインアップ。サボテン・多肉・アガベ系のナーセリーや作家が出店する。当初は8月11日の予定だったが台風接近のため延期され、8月29日にあらためて開催される。,,,past
bishoku-club-popup-kitamoto-2026,美植倶楽部 POPUP EVENT,2026-08-29,2026-08-30,2026.08.29-30,埼玉,関東,エンバイボックス（埼玉県北本市栄7-1-25-102 北本団地商店街）,即売会|マルシェ,埼玉県北本市の北本団地商店街にあるエンバイボックスで開かれる植物のポップアップ。塊根植物やアデニウム、ティランジア、ブロメリアを扱う5組が出店し、クラフトとワークショップも併催する。主催はHabitat Oidesとei8ht plants。,https://bishoku-club.habitatoides.com/,,past
tanikuya-mameya-pink-2026-08,多肉屋豆屋 〜ピンクに恋する夢空間〜,2026-08-30,2026-08-30,2026.08.30,岡山,中国,岡山市サウスヴィレッジ ファーマーズハウス ホール,即売会|多肉植物,岡山市サウスヴィレッジの室内ホールで開かれる多肉屋豆屋の展示販売イベント。多肉植物・サボテン・アガベ・塊根植物に加え、リメ鉢やリメ缶などの作家作品が並び、ワークショップやかき氷などの飲食出店も行われる。10時から15時。,https://www.instagram.com/ajisai.13/,,past
rojiura-botanical-2026-08,路地裏ボタニカル（2026年8月）,2026-08-30,2026-08-30,2026.08.30,茨城,関東,ワイルドプランツ路地裏のギボウシ（茨城県稲敷郡阿見町荒川本郷1-60）,即売会|マルシェ,茨城県阿見町のワイルドプランツ路地裏のギボウシが自店の屋外イベントスペースで開く植物イベント。主催告知によれば路地裏ボタニカルとして過去最多の出店者数で、アガベやアデニウムを扱う店が集まる。イワギボウシの展示即売も併催。,https://www.instagram.com/rojiuranogibousi/,,past
gamagori-taniku-festa-wakayama-4th-2026-08,第4回 がまごおり多肉フェスタ in 和歌山,2026-08-30,2026-08-30,2026.08.30,和歌山,関西,産直市場よってって 南紀の台店（和歌山県西牟婁郡上富田町南紀の台63-3）,即売会,愛知県蒲郡発の「がまごおり多肉フェスタ」の和歌山編、第4回。産直市場よってって 南紀の台店の特設会場に18店舗が集まり、多肉植物・サボテン・アガベの販売とワークショップが並ぶ。夏休み最後の日曜日の開催で、抽選会も予定されている。,https://www.instagram.com/gamagori_taniku_festa/,,past
bizarre-plants-natsunojin-ueno-2026,ビザールプランツ 夏ノ陣【上野】,2026-08-30,2026-08-30,2026.08.30,東京,関東,SOOO dramatic!（東京都台東区下谷1-11-15 ソレイユ入谷1F）,即売会,東京・入谷のイベントスペースSOOO dramatic!で開かれるビザールプランツの即売会。植物屋どーらく、オマメプランツ、District-Aなど12組が出店し、珍しい株やこだわりの鉢が並ぶ。主催はFELICITA。冬に開催した「冬ノ陣」に続く夏の回。入谷駅から徒歩1分。,https://www.instagram.com/felicita_plants/,,past
toge-to-hachi-2026-09,棘と鉢 -2026-,2026-09-03,2026-09-06,2026.09.03-06,福岡,九州,旧安川邸（福岡県北九州市戸畑区 夜宮公園内）,展示会|珍奇植物,北九州市の指定有形文化財である旧安川邸で開かれる、希少植物と陶器鉢の展示。EARTHWALK PLANTSや新月窯などが参加し、植物と鉢が作る空間を見せる。植物と鉢の販売は9月5日と6日のみ。最終入場は16時30分。,https://www.instagram.com/earthwalk_plants/,https://kitakyu-net.com/press/wp-content/uploads/2026/08/641c637e5290ce1ba992a1fad59b42841783140379.jpg,past
aobouzu-6raccoon-popup-2026-09,aobouzu × 6 RACCOON コラボPOP UP,2026-09-04,2026-09-05,2026.09.04-05,宮崎,九州,6 RACCOON CAFE SOCIETY（宮崎県宮崎市広島1-3-6）,即売会,宮崎市のカフェで開かれる植物のポップアップ。塊根植物と琉球盆栽を中心に、アートワークや鉢が並ぶ。5日は17時まで。来店時は1人1オーダーが必要。,https://www.instagram.com/6_raccoon_/,https://www.umk.co.jp/mediafile/20230415_0000_6_01.jpg,past
gardens-umekita-2nd-anniv-2026-09,gardens umekita 2周年記念イベント 店頭即売会,2026-09-05,2026-09-06,2026.09.05-06,大阪,関西,gardens umekita（大阪府大阪市北区大深町6-38 グラングリーン大阪 北館1階）,即売会,グラングリーン大阪のgardens umekitaが2周年を記念して開く店頭即売会。三浦園芸がレアアロイドを、カクト・ロコがビザールプランツを販売する。6日は16時まで。,https://gardens.hc-kohnan.com/9-5%ef%bc%88%e5%9c%9f%ef%bc%896%ef%bc%88%e6%97%a5%ef%bc%89gardens-umekita-2%e5%91%a8%e5%b9%b4%e8%a8%98%e5%bf%b5%e3%82%a4%e3%83%99%e3%83%b3%e3%83%88%e3%80%80%e5%ba%97%e9%a0%ad%e5%8d%b3%e5%a3%b2/,https://gardens.hc-kohnan.com/wp-content/uploads/2024/09/DSC2335_1200-630.jpg,past
plants-bazaar-null-kanazawa-2026-09,PLANTS BAZAAR なんせ植物が好きなもんで。,2026-09-05,2026-09-06,2026.09.05-06,石川,北陸,studio null.（石川県金沢市高岡町23-6）,塊根植物|アガベ|サボテン|即売会,塊根植物・アガベ・サボテンから観葉植物やテーブルプランツまでを2組の出店者が持ち寄る。能登の珠洲焼で作られた鉢に植物を合わせた限定品と、神戸 from the past がレスキューしたアンティーク食器を鉢へリメイクした一点ものも並ぶ。たたき染めのワークショップを同時開催。,https://www.instagram.com/reel/DcqpmRoI6Wb/,,past
tottori-botanica-2026-09,TOTTORI BOTANICA 〜Plants to remember〜,2026-09-05,2026-09-05,2026.09.05,鳥取,中国,クガミテラス（鳥取県岩美郡岩美町陸上604-30）,即売会|珍奇植物,鳥取県岩美町の海辺にあるクガミテラスで開かれる植物イベント。アガベと珍奇植物を扱うTORABI PLANTS、SEVEN SEEDLINGなどが出展し、牧谷窯の陶芸鉢も並ぶ。,https://www.instagram.com/seven.seedlings2/,,past
botanical-festa-hawo-kumagaya-2026-09,ボタニカルフェスタ（ハオルチア界隈）,2026-09-06,2026-09-06,2026.09.06,埼玉,関東,熊谷ニットーモール,即売会,埼玉県熊谷市のニットーモールで開かれるハオルチアに絞った展示即売会。主催アカウントは自らを「ハオルチアフリークによるハオルチア界隈のイベント」と説明しており、園芸店主体ではなく愛好家が持ち寄る構成が特徴。ハオルチアは多肉植物のなかでも窓と呼ばれる葉先の透明部分を鑑賞する系統で、個体差が大きく愛好家間での交換や購入が盛んなジャンル。,https://www.instagram.com/hawo_fes/,,past
botanical-x-vol1-2026,第1回 ボタニカルX,2026-09-06,2026-09-06,2026.09.06,茨城,関東,ヨークタウン坂東,即売会|マルシェ,茨城県坂東市・ヨークタウン坂東の屋外駐車場で開催される植物とハンドメイドの販売会。主催はワイルドプランツ路地裏のギボウシ。アガベ、アデニウム、パキポディウム、ハオルチア、ビカクシダ、山野草、斑入り植物など国内外の珍しい植物と3D鉢などの作品が並び、キッチンカーも出店。駐車場1520台無料、雨天決行（荒天中止）。,,,past
green-holic-kariya-2026,GREEN HOLIC in KARIYA 2026,2026-09-06,2026-09-06,2026.09.06,愛知,東海,みなくる広場,即売会,愛知県刈谷市・刈谷駅南口のみなくる広場で開催される植物イベント。アガベ、塊根植物、サボテン、ビカクシダに園芸用品などが揃う。昨年からパワーアップしての開催で、出店者は後日発表予定。,https://kariya-urbanfes.com/,https://kariya-urbanfes.com/wp-content/uploads/2026/02/サムネ2026-1024x578.jpg,past
green-summit-vol22-yamagata-2026,Green Summit vol.22 in Yamagata,2026-09-06,2026-09-06,2026.09.06,山形,東北,やまぎん県民ホール イベント広場（山形県山形市）,即売会,山形市のやまぎん県民ホール イベント広場（屋外）で開かれる多肉植物の合同販売会。Green Summitとしては2年ぶりの山形開催で、県外からも多肉植物・アガベ・サボテンを扱う店が集まる。,https://www.instagram.com/green_summit_touhoku/,,past
picnic-garden-vol24-sendai-2026-09,ピクニックガーデン vol.24,2026-09-06,2026-09-06,2026.09.06,宮城,東北,せんだい農業園芸センター 研修室（宮城県仙台市若林区荒井字切新田13-1）,即売会,宮城県仙台市・せんだい農業園芸センターの研修室で開かれる多肉植物の販売会。秋田・千葉・福島・岩手など県外からも出店者が集まる。主催はキングプランツ、事務局はくものむこう。,https://www.instagram.com/picnic.king.plants/,,past
succulent-wonderland-1st-tatebayashi-2026-09,多肉ワンダーランド 第1回,2026-09-06,2026-09-06,2026.09.06,群馬,関東,リサイクルショップ虹風船 館林店 駐車場（群馬県館林市野辺町1028-2）,即売会|マルシェ,群馬県館林市のリサイクルショップ虹風船の駐車場で開かれる多肉植物イベントの第1回。「多肉でつながる出会いの移動遊園地」を掲げ、各出店者のブースを巡りながら会場全体を回れる構成にしている。多肉植物の販売のほか寄せ植えワークショップもある。,https://www.instagram.com/succulent_wonderland__/,,past
kyousenkai-2026-09,狂仙会 2026,2026-09-06,2026-09-06,2026.09.06,大阪,関西,マイドームおおさか（大阪府大阪市中央区本町橋2-5）,展示会|大型,関西のサボテン愛好家団体が開く品評会と競り会。9時から出品の受付が始まり、11時に品評を締め切って審査、12時から表彰式とセリ会に移る。山城愛仙園・鶴仙園ほかサボテン多肉の売店が20店を予定。入場資格・入場料はない。,https://www.instagram.com/p/Db3C8nuBT2F/,,past
taniku-toraiki-ryuoh-2026-09,多肉渡来記 近江・竜王の章,2026-09-06,2026-09-06,2026.09.06,滋賀,関西,道の駅 アグリパーク竜王（滋賀県蒲生郡竜王町）,即売会|マルシェ,滋賀県竜王町の道の駅アグリパーク竜王で開かれる多肉植物の即売会。苗や作品を扱う出店者が集まる。主催は和〜なごみ〜。,https://www.instagram.com/nagomitaniku/,,past
riverlabo-2nd-open-2026-09,River. Labo 2号店 グランドオープンイベント,2026-09-06,2026-09-06,2026.09.06,沖縄,九州,River. Labo 2号店（沖縄県沖縄市美里1丁目17-3）,即売会,沖縄市美里にオープンするRiver. Labo 2号店の開店イベント。塊根植物やサボテン、アロカシアが並び、パキポディウムの大黒やグラキリス、アロカシアのアマゾニカなどが登場する。,https://www.instagram.com/river.labo/,,past
